Ubicación_Microsector;Coordenada X;Coordenada Y;Fecha_Formato;Intervalo_Estimado_Modelo;Fecha_Proxima_Predicha;Dias_Restantes_Prediccion;Estado_IA
MS_0154_ALEMANIA;-72.60432778;-38.736375;20-04-2018;134.8;01-09-2018;-2648;🔴 Atrasado (Prioridad Alta)
MS_0163_ALEMANIA;-72.60714444;-38.73590833;18-04-2018;166.6;01-10-2018;-2618;🔴 Atrasado (Prioridad Alta)
MS_0430_MUSEO FERROVIARIO;-72.56781667;-38.72401944;13-04-2018;192.8;22-10-2018;-2597;🔴 Atrasado (Prioridad Alta)
MS_0672_AQUELARRE;-72.62396098;-38.74897083;17-05-2018;190.6;23-11-2018;-2565;🔴 Atrasado (Prioridad Alta)
MS_0096_ACCESO NORTE;-72.54966274;-38.70592656;19-07-2018;143.7;09-12-2018;-2549;🔴 Atrasado (Prioridad Alta)
MS_0570_PRIETO SUR;-72.59701958;-38.74264187;18-10-2018;82.2;08-01-2019;-2519;🔴 Atrasado (Prioridad Alta)
MS_0571_PRIETO SUR;-72.59568889;-38.74290833;18-10-2018;122.9;17-02-2019;-2479;🔴 Atrasado (Prioridad Alta)
MS_0572_PRIETO SUR;-72.59445677;-38.74306641;22-10-2018;131.1;02-03-2019;-2466;🔴 Atrasado (Prioridad Alta)
MS_0671_AQUELARRE;-72.62592325;-38.74777673;22-05-2018;297.6;15-03-2019;-2453;🔴 Atrasado (Prioridad Alta)
MS_0677_AQUELARRE;-72.62743611;-38.75104444;22-10-2018;174.9;14-04-2019;-2423;🔴 Atrasado (Prioridad Alta)
MS_0847_BORDE RIO;-72.62708218;-38.75487533;31-10-2018;179.3;28-04-2019;-2409;🔴 Atrasado (Prioridad Alta)
MS_0228_LAS ENCINAS;-72.64358056;-38.73605556;23-01-2019;104.3;07-05-2019;-2400;🔴 Atrasado (Prioridad Alta)
MS_0781_VALPARAISO;-72.56139167;-38.735925;29-05-2018;346.5;10-05-2019;-2397;🔴 Atrasado (Prioridad Alta)
MS_0234_LAS ENCINAS;-72.64604167;-38.73584167;25-01-2019;106.3;11-05-2019;-2396;🔴 Atrasado (Prioridad Alta)
MS_0782_VALPARAISO;-72.56315833;-38.73641667;29-05-2018;347.6;11-05-2019;-2396;🔴 Atrasado (Prioridad Alta)
MS_0225_LAS ENCINAS;-72.63740833;-38.73463056;23-01-2019;114.0;16-05-2019;-2391;🔴 Atrasado (Prioridad Alta)
MS_0230_LAS ENCINAS;-72.64593788;-38.73647241;24-01-2019;122.2;26-05-2019;-2381;🔴 Atrasado (Prioridad Alta)
MS_0235_LAS ENCINAS;-72.64572948;-38.73430148;25-01-2019;140.8;14-06-2019;-2362;🔴 Atrasado (Prioridad Alta)
MS_0227_LAS ENCINAS;-72.64131944;-38.73553889;23-01-2019;143.7;15-06-2019;-2361;🔴 Atrasado (Prioridad Alta)
MS_0226_LAS ENCINAS;-72.63803889;-38.73476111;22-01-2019;145.9;16-06-2019;-2360;🔴 Atrasado (Prioridad Alta)
MS_0796_VALPARAISO;-72.5626346;-38.73415931;04-03-2019;125.0;06-07-2019;-2340;🔴 Atrasado (Prioridad Alta)
MS_0795_VALPARAISO;-72.56307828;-38.73308958;01-03-2019;130.2;09-07-2019;-2337;🔴 Atrasado (Prioridad Alta)
MS_0316_SAN ANTONIO;-72.57724144;-38.74520122;24-10-2018;259.8;10-07-2019;-2336;🔴 Atrasado (Prioridad Alta)
MS_0780_VALPARAISO;-72.56196389;-38.73614167;04-03-2019;130.2;12-07-2019;-2334;🔴 Atrasado (Prioridad Alta)
MS_0231_LAS ENCINAS;-72.6472854;-38.73633208;24-01-2019;169.6;12-07-2019;-2334;🔴 Atrasado (Prioridad Alta)
MS_0434_MUSEO FERROVIARIO;-72.57204722;-38.72489722;17-04-2018;463.2;24-07-2019;-2322;🔴 Atrasado (Prioridad Alta)
MS_0435_MUSEO FERROVIARIO;-72.57076667;-38.724625;17-04-2018;483.0;12-08-2019;-2303;🔴 Atrasado (Prioridad Alta)
MS_0804_VALPARAISO;-72.56392139;-38.73226364;25-02-2019;171.7;15-08-2019;-2300;🔴 Atrasado (Prioridad Alta)
MS_0472_MUSEO FERROVIARIO;-72.56792525;-38.72513461;16-04-2018;489.3;18-08-2019;-2297;🔴 Atrasado (Prioridad Alta)
MS_0803_VALPARAISO;-72.56465967;-38.73243276;25-02-2019;177.8;21-08-2019;-2294;🔴 Atrasado (Prioridad Alta)
MS_0319_SAN ANTONIO;-72.57851776;-38.74556166;10-12-2018;257.8;24-08-2019;-2291;🔴 Atrasado (Prioridad Alta)
MS_0233_LAS ENCINAS;-72.64855833;-38.73645556;24-01-2019;213.5;25-08-2019;-2290;🔴 Atrasado (Prioridad Alta)
MS_0045_ESTADIO;-72.60476497;-38.7423965;13-05-2019;105.7;26-08-2019;-2289;🔴 Atrasado (Prioridad Alta)
MS_0953_JAVIERA CARRERA ORIENTE;-72.614975;-38.72629722;20-06-2018;471.0;04-10-2019;-2250;🔴 Atrasado (Prioridad Alta)
MS_0318_SAN ANTONIO;-72.57624913;-38.74136254;09-11-2018;330.6;05-10-2019;-2249;🔴 Atrasado (Prioridad Alta)
MS_0224_LAS ENCINAS;-72.63684868;-38.73494685;04-02-2019;244.2;06-10-2019;-2248;🔴 Atrasado (Prioridad Alta)
MS_0315_SAN ANTONIO;-72.57737662;-38.74568321;24-10-2018;352.2;11-10-2019;-2243;🔴 Atrasado (Prioridad Alta)
MS_0454_MUSEO FERROVIARIO;-72.57378286;-38.7254247;27-06-2018;472.5;12-10-2019;-2242;🔴 Atrasado (Prioridad Alta)
MS_0241_LAS ENCINAS;-72.63878436;-38.73540874;04-02-2019;253.9;15-10-2019;-2239;🔴 Atrasado (Prioridad Alta)
MS_0935_CERRO MARIPOSA;-72.61130466;-38.72167887;24-05-2018;510.9;16-10-2019;-2238;🔴 Atrasado (Prioridad Alta)
MS_0337_SAN ANTONIO;-72.57677247;-38.73629109;12-02-2019;246.1;16-10-2019;-2238;🔴 Atrasado (Prioridad Alta)
MS_0446_MUSEO FERROVIARIO;-72.56304038;-38.7229109;05-06-2018;507.8;25-10-2019;-2229;🔴 Atrasado (Prioridad Alta)
MS_0303_SAN ANTONIO;-72.58399278;-38.74254446;15-01-2019;285.1;27-10-2019;-2227;🔴 Atrasado (Prioridad Alta)
MS_0954_JAVIERA CARRERA ORIENTE;-72.61787778;-38.72672222;19-06-2018;501.3;02-11-2019;-2221;🔴 Atrasado (Prioridad Alta)
MS_0240_LAS ENCINAS;-72.64182778;-38.73612222;04-02-2019;277.3;08-11-2019;-2215;🔴 Atrasado (Prioridad Alta)
MS_0957_JAVIERA CARRERA ORIENTE;-72.61535833;-38.72779444;22-03-2019;243.7;20-11-2019;-2203;🔴 Atrasado (Prioridad Alta)
MS_0956_JAVIERA CARRERA ORIENTE;-72.617375;-38.72685556;19-06-2018;519.4;20-11-2019;-2203;🔴 Atrasado (Prioridad Alta)
MS_0336_SAN ANTONIO;-72.57554167;-38.73519444;11-02-2019;287.0;24-11-2019;-2199;🔴 Atrasado (Prioridad Alta)
MS_0032_ESTADIO;-72.61959792;-38.73810483;03-09-2018;448.2;25-11-2019;-2198;🔴 Atrasado (Prioridad Alta)
MS_0474_MUSEO FERROVIARIO;-72.57353334;-38.72612255;20-04-2018;584.8;25-11-2019;-2198;🔴 Atrasado (Prioridad Alta)
MS_0026_ESTADIO;-72.60862416;-38.7410007;25-09-2018;427.2;26-11-2019;-2197;🔴 Atrasado (Prioridad Alta)
MS_0204_LAS ENCINAS;-72.63512778;-38.73825556;22-11-2018;370.9;27-11-2019;-2196;🔴 Atrasado (Prioridad Alta)
MS_0236_LAS ENCINAS;-72.64510198;-38.73404739;28-01-2019;306.0;30-11-2019;-2193;🔴 Atrasado (Prioridad Alta)
MS_0955_JAVIERA CARRERA ORIENTE;-72.61581389;-38.72623333;20-06-2018;537.5;09-12-2019;-2184;🔴 Atrasado (Prioridad Alta)
MS_0643_RALUNCOYAN;-72.62024722;-38.71119444;19-03-2019;267.7;11-12-2019;-2182;🔴 Atrasado (Prioridad Alta)
MS_0238_LAS ENCINAS;-72.64387719;-38.7336071;28-01-2019;323.3;17-12-2019;-2176;🔴 Atrasado (Prioridad Alta)
MS_0958_JAVIERA CARRERA ORIENTE;-72.61564167;-38.72711944;20-03-2019;287.5;01-01-2020;-2161;🔴 Atrasado (Prioridad Alta)
MS_0237_LAS ENCINAS;-72.64330476;-38.73356081;29-01-2019;340.8;04-01-2020;-2158;🔴 Atrasado (Prioridad Alta)
MS_0473_MUSEO FERROVIARIO;-72.56960184;-38.72334075;26-04-2018;619.1;05-01-2020;-2157;🔴 Atrasado (Prioridad Alta)
MS_0324_SAN ANTONIO;-72.58028509;-38.74606385;18-12-2018;405.6;27-01-2020;-2135;🔴 Atrasado (Prioridad Alta)
MS_0213_LAS ENCINAS;-72.64174722;-38.74061944;29-06-2018;579.2;29-01-2020;-2133;🔴 Atrasado (Prioridad Alta)
MS_0509_LOS RIOS;-72.55870556;-38.72868611;09-09-2019;149.0;05-02-2020;-2126;🔴 Atrasado (Prioridad Alta)
MS_0222_LAS ENCINAS;-72.64520823;-38.73458063;25-01-2019;378.0;07-02-2020;-2124;🔴 Atrasado (Prioridad Alta)
MS_0914_CERRO MARIPOSA;-72.61213611;-38.71978333;02-07-2019;225.2;12-02-2020;-2119;🔴 Atrasado (Prioridad Alta)
MS_0232_LAS ENCINAS;-72.64963746;-38.73725989;24-01-2019;385.1;13-02-2020;-2118;🔴 Atrasado (Prioridad Alta)
MS_0889_COSTANERA;-72.54887222;-38.71150833;09-05-2018;646.5;14-02-2020;-2117;🔴 Atrasado (Prioridad Alta)
MS_0552_CAUPOLICAN;-72.59864301;-38.7328325;19-10-2018;484.1;15-02-2020;-2116;🔴 Atrasado (Prioridad Alta)
MS_0791_VALPARAISO;-72.56461111;-38.73058056;27-02-2019;363.5;25-02-2020;-2106;🔴 Atrasado (Prioridad Alta)
MS_0915_CERRO MARIPOSA;-72.62255502;-38.7164572;04-07-2019;240.2;29-02-2020;-2102;🔴 Atrasado (Prioridad Alta)
MS_0064_ESTADIO;-72.60547656;-38.7413854;09-10-2018;510.3;02-03-2020;-2100;🔴 Atrasado (Prioridad Alta)
MS_0221_LAS ENCINAS;-72.64486014;-38.73504284;25-01-2019;402.1;02-03-2020;-2100;🔴 Atrasado (Prioridad Alta)
MS_0243_LAS ENCINAS;-72.6315604;-38.73978739;26-03-2019;345.7;05-03-2020;-2097;🔴 Atrasado (Prioridad Alta)
MS_0508_LOS RIOS;-72.55811111;-38.72714444;08-09-2019;184.6;10-03-2020;-2092;🔴 Atrasado (Prioridad Alta)
MS_0449_MUSEO FERROVIARIO;-72.56463056;-38.72058611;07-06-2018;645.0;13-03-2020;-2089;🔴 Atrasado (Prioridad Alta)
MS_0510_LOS RIOS;-72.55888348;-38.72962209;11-09-2019;188.0;17-03-2020;-2085;🔴 Atrasado (Prioridad Alta)
MS_0923_CERRO MARIPOSA;-72.616367;-38.720217;05-11-2019;133.7;17-03-2020;-2085;🔴 Atrasado (Prioridad Alta)
MS_0295_SAN ANTONIO;-72.58273896;-38.74593739;28-03-2019;358.6;20-03-2020;-2082;🔴 Atrasado (Prioridad Alta)
MS_0425_MUSEO FERROVIARIO;-72.57576373;-38.73074183;31-10-2018;508.0;21-03-2020;-2081;🔴 Atrasado (Prioridad Alta)
MS_0924_CERRO MARIPOSA;-72.6171;-38.72005;05-11-2019;145.4;29-03-2020;-2073;🔴 Atrasado (Prioridad Alta)
MS_0731_NAHUELBUTA;-72.56368611;-38.71700556;16-08-2018;592.3;30-03-2020;-2072;🔴 Atrasado (Prioridad Alta)
MS_0551_CAUPOLICAN;-72.59884602;-38.72940206;17-04-2018;715.8;01-04-2020;-2070;🔴 Atrasado (Prioridad Alta)
MS_0587_PRIETO SUR;-72.60166021;-38.74531623;29-04-2019;340.3;03-04-2020;-2068;🔴 Atrasado (Prioridad Alta)
MS_0504_LOS RIOS;-72.55678333;-38.72361944;08-09-2019;210.1;05-04-2020;-2066;🔴 Atrasado (Prioridad Alta)
MS_0925_CERRO MARIPOSA;-72.615783;-38.720333;05-11-2019;154.4;07-04-2020;-2064;🔴 Atrasado (Prioridad Alta)
MS_0981_AMANECER;-72.62352937;-38.75924648;09-04-2019;364.7;07-04-2020;-2064;🔴 Atrasado (Prioridad Alta)
MS_0776_VALPARAISO;-72.57278122;-38.7383222;03-05-2019;343.7;10-04-2020;-2061;🔴 Atrasado (Prioridad Alta)
MS_0987_AMANECER;-72.62273897;-38.75915859;09-04-2019;367.6;10-04-2020;-2061;🔴 Atrasado (Prioridad Alta)
MS_0476_MUSEO FERROVIARIO;-72.57025659;-38.72970704;06-05-2019;340.3;10-04-2020;-2061;🔴 Atrasado (Prioridad Alta)
MS_0802_VALPARAISO;-72.57270278;-38.73437222;20-02-2019;417.4;12-04-2020;-2059;🔴 Atrasado (Prioridad Alta)
MS_0706_ESTACION;-72.57592922;-38.73075912;11-05-2018;706.1;16-04-2020;-2055;🔴 Atrasado (Prioridad Alta)
MS_0217_LAS ENCINAS;-72.63764722;-38.73936389;30-01-2019;445.9;19-04-2020;-2052;🔴 Atrasado (Prioridad Alta)
MS_0332_SAN ANTONIO;-72.57617889;-38.74392787;21-01-2019;456.0;20-04-2020;-2051;🔴 Atrasado (Prioridad Alta)
MS_0959_JAVIERA CARRERA ORIENTE;-72.61981944;-38.72828889;03-07-2019;293.4;21-04-2020;-2050;🔴 Atrasado (Prioridad Alta)
MS_0951_JAVIERA CARRERA ORIENTE;-72.61960556;-38.7198;14-05-2019;346.1;24-04-2020;-2047;🔴 Atrasado (Prioridad Alta)
MS_0963_JAVIERA CARRERA ORIENTE;-72.62206111;-38.72106667;10-10-2019;198.7;25-04-2020;-2046;🔴 Atrasado (Prioridad Alta)
MS_0564_PRIETO SUR;-72.5982404;-38.74251756;27-08-2018;610.7;28-04-2020;-2043;🔴 Atrasado (Prioridad Alta)
MS_0719_NAHUELBUTA;-72.5645;-38.71764167;15-05-2019;352.3;01-05-2020;-2040;🔴 Atrasado (Prioridad Alta)
MS_0650_RALUNCOYAN;-72.62219385;-38.7156113;08-07-2019;299.4;02-05-2020;-2039;🔴 Atrasado (Prioridad Alta)
MS_0986_AMANECER;-72.62420601;-38.75930578;08-04-2019;394.7;06-05-2020;-2035;🔴 Atrasado (Prioridad Alta)
MS_0020_ESTADIO;-72.61048056;-38.74279167;17-08-2018;636.0;13-05-2020;-2028;🔴 Atrasado (Prioridad Alta)
MS_0420_MUSEO FERROVIARIO;-72.56547473;-38.72092054;07-06-2018;710.2;17-05-2020;-2024;🔴 Atrasado (Prioridad Alta)
MS_0502_LOS RIOS;-72.55780278;-38.72645278;08-09-2019;253.1;18-05-2020;-2023;🔴 Atrasado (Prioridad Alta)
MS_0574_PRIETO SUR;-72.59039722;-38.74370833;19-10-2018;586.9;27-05-2020;-2014;🔴 Atrasado (Prioridad Alta)
MS_0310_SAN ANTONIO;-72.58166424;-38.74399603;10-12-2019;171.0;29-05-2020;-2012;🔴 Atrasado (Prioridad Alta)
MS_0730_NAHUELBUTA;-72.56338503;-38.71798373;16-08-2018;662.8;08-06-2020;-2002;🔴 Atrasado (Prioridad Alta)
MS_0331_SAN ANTONIO;-72.57998789;-38.74319435;18-01-2019;508.5;09-06-2020;-2001;🔴 Atrasado (Prioridad Alta)
MS_0636_RALUNCOYAN;-72.62120278;-38.71248056;15-03-2019;455.9;12-06-2020;-1998;🔴 Atrasado (Prioridad Alta)
MS_0916_CERRO MARIPOSA;-72.62218972;-38.71608023;04-07-2019;347.2;15-06-2020;-1995;🔴 Atrasado (Prioridad Alta)
MS_0567_PRIETO SUR;-72.60249709;-38.74329863;14-12-2018;549.6;15-06-2020;-1995;🔴 Atrasado (Prioridad Alta)
MS_0546_CAUPOLICAN;-72.58535;-38.72880833;24-04-2018;787.4;19-06-2020;-1991;🔴 Atrasado (Prioridad Alta)
MS_0560_PRIETO SUR;-72.59901734;-38.74026455;13-08-2018;680.8;23-06-2020;-1987;🔴 Atrasado (Prioridad Alta)
MS_0160_ALEMANIA;-72.60588177;-38.74019036;06-08-2018;688.3;24-06-2020;-1986;🔴 Atrasado (Prioridad Alta)
MS_0208_LAS ENCINAS;-72.63176145;-38.73504984;28-05-2018;758.7;24-06-2020;-1986;🔴 Atrasado (Prioridad Alta)
MS_0698_ESTACION;-72.57621851;-38.73245698;18-06-2018;743.5;30-06-2020;-1980;🔴 Atrasado (Prioridad Alta)
MS_0501_LOS RIOS;-72.55938889;-38.73059722;11-09-2019;298.0;04-07-2020;-1976;🔴 Atrasado (Prioridad Alta)
MS_0427_MUSEO FERROVIARIO;-72.57566944;-38.725475;30-04-2018;801.0;08-07-2020;-1972;🔴 Atrasado (Prioridad Alta)
MS_0242_LAS ENCINAS;-72.63485278;-38.73446389;04-06-2019;403.3;11-07-2020;-1969;🔴 Atrasado (Prioridad Alta)
MS_0964_JAVIERA CARRERA ORIENTE;-72.62148889;-38.71965833;11-10-2019;278.0;15-07-2020;-1965;🔴 Atrasado (Prioridad Alta)
MS_0248_LAS ENCINAS;-72.63826477;-38.72822972;10-08-2018;705.8;15-07-2020;-1965;🔴 Atrasado (Prioridad Alta)
MS_1084_CREADORES;-72.64638611;-38.71355556;28-05-2019;415.3;16-07-2020;-1964;🔴 Atrasado (Prioridad Alta)
MS_0338_SAN ANTONIO;-72.57953705;-38.73856916;12-02-2019;522.1;18-07-2020;-1962;🔴 Atrasado (Prioridad Alta)
MS_1076_SECTOR RIBEREÑO;-72.7576831;-38.77059713;27-06-2018;753.1;19-07-2020;-1961;🔴 Atrasado (Prioridad Alta)
MS_0246_LAS ENCINAS;-72.63476944;-38.73515833;04-06-2019;412.3;20-07-2020;-1960;🔴 Atrasado (Prioridad Alta)
MS_1080_CREADORES;-72.64765556;-38.71532222;18-07-2018;733.2;20-07-2020;-1960;🔴 Atrasado (Prioridad Alta)
MS_0317_SAN ANTONIO;-72.57731874;-38.7437296;20-06-2019;398.6;22-07-2020;-1958;🔴 Atrasado (Prioridad Alta)
MS_1190_LABRANZA UNO NORTE;-72.76987386;-38.76678397;10-04-2019;471.6;24-07-2020;-1956;🔴 Atrasado (Prioridad Alta)
MS_0499_LOS RIOS;-72.55981944;-38.73251111;19-12-2018;598.1;08-08-2020;-1941;🔴 Atrasado (Prioridad Alta)
MS_0506_LOS RIOS;-72.55641367;-38.717801;28-12-2018;591.9;10-08-2020;-1939;🔴 Atrasado (Prioridad Alta)
MS_0588_PRIETO SUR;-72.59079445;-38.74036934;08-05-2019;461.7;11-08-2020;-1938;🔴 Atrasado (Prioridad Alta)
MS_0648_RALUNCOYAN;-72.62060278;-38.71241944;19-03-2019;514.8;14-08-2020;-1935;🔴 Atrasado (Prioridad Alta)
MS_0206_LAS ENCINAS;-72.63319444;-38.7356;29-05-2018;811.0;17-08-2020;-1932;🔴 Atrasado (Prioridad Alta)
MS_1184_LABRANZA UNO NORTE;-72.76937066;-38.76644551;11-04-2019;494.6;17-08-2020;-1932;🔴 Atrasado (Prioridad Alta)
MS_0309_SAN ANTONIO;-72.58233056;-38.74481944;23-04-2019;484.0;19-08-2020;-1930;🔴 Atrasado (Prioridad Alta)
MS_0917_CERRO MARIPOSA;-72.62068987;-38.71556265;05-07-2019;415.5;23-08-2020;-1926;🔴 Atrasado (Prioridad Alta)
MS_1079_CREADORES;-72.64873333;-38.71505;18-07-2018;771.5;27-08-2020;-1922;🔴 Atrasado (Prioridad Alta)
MS_0429_MUSEO FERROVIARIO;-72.57975278;-38.72853889;30-04-2018;852.2;29-08-2020;-1920;🔴 Atrasado (Prioridad Alta)
MS_0244_LAS ENCINAS;-72.63404167;-38.73528056;05-06-2019;451.5;29-08-2020;-1920;🔴 Atrasado (Prioridad Alta)
MS_0646_RALUNCOYAN;-72.624575;-38.70760278;18-03-2019;535.2;03-09-2020;-1915;🔴 Atrasado (Prioridad Alta)
MS_1186_LABRANZA UNO NORTE;-72.76808917;-38.76695997;11-04-2019;512.1;04-09-2020;-1914;🔴 Atrasado (Prioridad Alta)
MS_0247_LAS ENCINAS;-72.64012868;-38.7451663;05-06-2019;461.2;08-09-2020;-1910;🔴 Atrasado (Prioridad Alta)
MS_0264_LAS ENCINAS;-72.64312228;-38.73292253;31-05-2019;468.6;10-09-2020;-1908;🔴 Atrasado (Prioridad Alta)
MS_0062_ESTADIO;-72.61381055;-38.7402699;21-09-2018;729.7;19-09-2020;-1899;🔴 Atrasado (Prioridad Alta)
MS_0262_LAS ENCINAS;-72.63604604;-38.72849446;10-08-2018;771.3;19-09-2020;-1899;🔴 Atrasado (Prioridad Alta)
MS_1081_CREADORES;-72.64814722;-38.71514722;19-07-2018;794.1;20-09-2020;-1898;🔴 Atrasado (Prioridad Alta)
MS_0322_SAN ANTONIO;-72.57688083;-38.73927008;13-12-2018;647.8;20-09-2020;-1898;🔴 Atrasado (Prioridad Alta)
MS_0039_ESTADIO;-72.61110267;-38.74699567;08-02-2019;592.7;22-09-2020;-1896;🔴 Atrasado (Prioridad Alta)
MS_0209_LAS ENCINAS;-72.64061111;-38.73795;29-03-2018;924.2;08-10-2020;-1880;🔴 Atrasado (Prioridad Alta)
MS_1185_LABRANZA UNO NORTE;-72.76890201;-38.76623447;11-04-2019;552.2;14-10-2020;-1874;🔴 Atrasado (Prioridad Alta)
MS_0152_ALEMANIA;-72.61776084;-38.73026654;26-07-2018;823.0;25-10-2020;-1863;🔴 Atrasado (Prioridad Alta)
MS_0158_ALEMANIA;-72.61072087;-38.7319271;21-08-2018;797.4;26-10-2020;-1862;🔴 Atrasado (Prioridad Alta)
MS_0366_VILLA ALEGRE;-72.61435278;-38.72402778;03-07-2019;495.3;09-11-2020;-1848;🔴 Atrasado (Prioridad Alta)
MS_0645_RALUNCOYAN;-72.62471944;-38.70826389;20-06-2019;508.2;09-11-2020;-1848;🔴 Atrasado (Prioridad Alta)
MS_0440_MUSEO FERROVIARIO;-72.57597007;-38.72444483;20-07-2018;848.8;14-11-2020;-1843;🔴 Atrasado (Prioridad Alta)
MS_0159_ALEMANIA;-72.6098;-38.73036111;17-05-2018;913.8;15-11-2020;-1842;🔴 Atrasado (Prioridad Alta)
MS_0741_NAHUELBUTA;-72.56908611;-38.71576389;18-04-2019;580.4;18-11-2020;-1839;🔴 Atrasado (Prioridad Alta)
MS_0047_ESTADIO;-72.62579722;-38.73805;02-08-2019;483.0;27-11-2020;-1830;🔴 Atrasado (Prioridad Alta)
MS_0834_5 SUR;-72.60625057;-38.74954125;20-06-2018;900.1;06-12-2020;-1821;🔴 Atrasado (Prioridad Alta)
MS_0978_AMANECER;-72.62594444;-38.760475;29-10-2018;770.0;06-12-2020;-1821;🔴 Atrasado (Prioridad Alta)
MS_0695_ESTACION;-72.58389444;-38.73512222;18-06-2019;537.9;06-12-2020;-1821;🔴 Atrasado (Prioridad Alta)
MS_0257_LAS ENCINAS;-72.64336622;-38.73845814;27-08-2019;469.5;08-12-2020;-1819;🔴 Atrasado (Prioridad Alta)
MS_0258_LAS ENCINAS;-72.64263861;-38.73902291;27-08-2019;470.6;09-12-2020;-1818;🔴 Atrasado (Prioridad Alta)
MS_0699_ESTACION;-72.57940278;-38.73332778;10-12-2018;730.1;09-12-2020;-1818;🔴 Atrasado (Prioridad Alta)
MS_0500_LOS RIOS;-72.55976667;-38.73150556;11-09-2019;457.7;11-12-2020;-1816;🔴 Atrasado (Prioridad Alta)
MS_0566_PRIETO SUR;-72.60382222;-38.74395278;23-08-2018;844.4;14-12-2020;-1813;🔴 Atrasado (Prioridad Alta)
MS_0423_MUSEO FERROVIARIO;-72.575525;-38.72976944;19-02-2020;309.6;24-12-2020;-1803;🔴 Atrasado (Prioridad Alta)
MS_0035_ESTADIO;-72.61926111;-38.74175556;31-08-2019;485.2;28-12-2020;-1799;🔴 Atrasado (Prioridad Alta)
MS_0169_ALEMANIA;-72.61208391;-38.72894783;07-02-2019;694.8;01-01-2021;-1795;🔴 Atrasado (Prioridad Alta)
MS_0027_ESTADIO;-72.60643356;-38.7412464;05-10-2018;820.4;02-01-2021;-1794;🔴 Atrasado (Prioridad Alta)
MS_0696_ESTACION;-72.58172567;-38.73858836;20-09-2018;838.0;04-01-2021;-1792;🔴 Atrasado (Prioridad Alta)
MS_0249_LAS ENCINAS;-72.64036111;-38.73441389;06-06-2019;580.8;06-01-2021;-1790;🔴 Atrasado (Prioridad Alta)
MS_0794_VALPARAISO;-72.56475278;-38.72844444;28-02-2019;678.0;06-01-2021;-1790;🔴 Atrasado (Prioridad Alta)
MS_0961_JAVIERA CARRERA ORIENTE;-72.62230278;-38.72225833;08-05-2020;245.2;08-01-2021;-1788;🔴 Atrasado (Prioridad Alta)
MS_0833_5 SUR;-72.60726099;-38.74875106;20-06-2018;937.7;12-01-2021;-1784;🔴 Atrasado (Prioridad Alta)
MS_0256_LAS ENCINAS;-72.64213441;-38.73817757;26-08-2019;513.4;20-01-2021;-1776;🔴 Atrasado (Prioridad Alta)
MS_0170_ALEMANIA;-72.630125;-38.73072222;04-12-2019;418.3;25-01-2021;-1771;🔴 Atrasado (Prioridad Alta)
MS_0377_RECABARREN;-72.6562967;-38.75657836;23-08-2018;889.2;28-01-2021;-1768;🔴 Atrasado (Prioridad Alta)
MS_0025_ESTADIO;-72.60999444;-38.74083611;25-09-2018;857.8;29-01-2021;-1767;🔴 Atrasado (Prioridad Alta)
MS_0175_ALEMANIA;-72.615465;-38.738796;30-01-2020;365.4;29-01-2021;-1767;🔴 Atrasado (Prioridad Alta)
MS_0049_ESTADIO;-72.62670977;-38.73781264;02-08-2019;552.1;04-02-2021;-1761;🔴 Atrasado (Prioridad Alta)
MS_0704_ESTACION;-72.57761389;-38.73261667;25-04-2019;651.6;04-02-2021;-1761;🔴 Atrasado (Prioridad Alta)
MS_0254_LAS ENCINAS;-72.63685833;-38.74488056;13-07-2019;580.6;12-02-2021;-1753;🔴 Atrasado (Prioridad Alta)
MS_0034_ESTADIO;-72.61897042;-38.74104098;05-11-2018;832.5;14-02-2021;-1751;🔴 Atrasado (Prioridad Alta)
MS_0265_LAS ENCINAS;-72.63740229;-38.74438882;18-07-2019;579.4;16-02-2021;-1749;🔴 Atrasado (Prioridad Alta)
MS_0548_CAUPOLICAN;-72.59837309;-38.73713123;15-06-2019;616.8;20-02-2021;-1745;🔴 Atrasado (Prioridad Alta)
MS_0661_RALUNCOYAN;-72.62655833;-38.71071944;16-01-2020;405.3;24-02-2021;-1741;🔴 Atrasado (Prioridad Alta)
MS_0216_LAS ENCINAS;-72.63145556;-38.73926111;26-03-2019;702.2;25-02-2021;-1740;🔴 Atrasado (Prioridad Alta)
MS_0968_JAVIERA CARRERA ORIENTE;-72.623904;-38.725666;11-11-2019;475.1;28-02-2021;-1737;🔴 Atrasado (Prioridad Alta)
MS_0229_LAS ENCINAS;-72.64421667;-38.73658056;14-10-2019;503.6;28-02-2021;-1737;🔴 Atrasado (Prioridad Alta)
MS_0036_ESTADIO;-72.62503333;-38.73779444;12-11-2018;841.0;02-03-2021;-1735;🔴 Atrasado (Prioridad Alta)
MS_0967_JAVIERA CARRERA ORIENTE;-72.624566;-38.725652;11-11-2019;480.6;05-03-2021;-1732;🔴 Atrasado (Prioridad Alta)
MS_0702_ESTACION;-72.58153611;-38.73098333;21-06-2019;625.8;07-03-2021;-1730;🔴 Atrasado (Prioridad Alta)
MS_0048_ESTADIO;-72.62535409;-38.73690908;02-08-2019;598.1;22-03-2021;-1715;🔴 Atrasado (Prioridad Alta)
MS_0005_ESTADIO;-72.61031111;-38.7419;17-08-2018;949.7;23-03-2021;-1714;🔴 Atrasado (Prioridad Alta)
MS_0993_AMANECER;-72.62437799;-38.75524307;02-06-2020;298.9;27-03-2021;-1710;🔴 Atrasado (Prioridad Alta)
MS_0632_RALUNCOYAN;-72.62350025;-38.70927217;19-03-2019;741.0;28-03-2021;-1709;🔴 Atrasado (Prioridad Alta)
MS_0010_ESTADIO;-72.61638671;-38.7443035;15-05-2019;683.1;28-03-2021;-1709;🔴 Atrasado (Prioridad Alta)
MS_0174_ALEMANIA;-72.628786;-38.730739;04-12-2019;483.8;31-03-2021;-1706;🔴 Atrasado (Prioridad Alta)
MS_0041_ESTADIO;-72.63169722;-38.74341389;05-06-2019;672.4;07-04-2021;-1699;🔴 Atrasado (Prioridad Alta)
MS_0656_RALUNCOYAN;-72.62962778;-38.7116;23-08-2019;599.5;13-04-2021;-1693;🔴 Atrasado (Prioridad Alta)
MS_0563_PRIETO SUR;-72.60279444;-38.74401667;21-08-2018;969.4;16-04-2021;-1690;🔴 Atrasado (Prioridad Alta)
MS_0021_ESTADIO;-72.60253257;-38.74298062;17-12-2018;857.1;22-04-2021;-1684;🔴 Atrasado (Prioridad Alta)
MS_1181_LABRANZA UNO NORTE;-72.77160268;-38.76617585;10-04-2019;745.8;24-04-2021;-1682;🔴 Atrasado (Prioridad Alta)
MS_0701_ESTACION;-72.58038333;-38.73115833;21-06-2019;674.8;25-04-2021;-1681;🔴 Atrasado (Prioridad Alta)
MS_0259_LAS ENCINAS;-72.64407926;-38.73722819;28-08-2019;608.5;27-04-2021;-1679;🔴 Atrasado (Prioridad Alta)
MS_0994_AMANECER;-72.61769488;-38.75534416;06-03-2020;419.1;29-04-2021;-1677;🔴 Atrasado (Prioridad Alta)
MS_0992_AMANECER;-72.618606;-38.758187;04-06-2020;329.3;29-04-2021;-1677;🔴 Atrasado (Prioridad Alta)
MS_0832_5 SUR;-72.61355;-38.751974;14-05-2020;350.6;29-04-2021;-1677;🔴 Atrasado (Prioridad Alta)
MS_0239_LAS ENCINAS;-72.64516379;-38.73674975;28-08-2019;632.0;20-05-2021;-1656;🔴 Atrasado (Prioridad Alta)
MS_0178_ALEMANIA;-72.60641399;-38.73374882;30-06-2020;329.2;25-05-2021;-1651;🔴 Atrasado (Prioridad Alta)
MS_0396_RECABARREN;-72.6526708;-38.75497545;22-08-2018;1008.5;26-05-2021;-1650;🔴 Atrasado (Prioridad Alta)
MS_1083_CREADORES;-72.65298333;-38.71445833;20-07-2018;1042.4;27-05-2021;-1649;🔴 Atrasado (Prioridad Alta)
MS_1097_CREADORES;-72.666725;-38.70956389;29-05-2019;730.8;28-05-2021;-1648;🔴 Atrasado (Prioridad Alta)
MS_0361_VILLA ALEGRE;-72.608391;-38.724131;11-02-2020;478.4;03-06-2021;-1642;🔴 Atrasado (Prioridad Alta)
MS_0252_LAS ENCINAS;-72.64060833;-38.7336;17-12-2019;541.2;10-06-2021;-1635;🔴 Atrasado (Prioridad Alta)
MS_0962_JAVIERA CARRERA ORIENTE;-72.623046;-38.724005;22-11-2019;569.2;13-06-2021;-1632;🔴 Atrasado (Prioridad Alta)
MS_0865_BORDE RIO;-72.62904626;-38.75528408;05-06-2020;376.3;16-06-2021;-1629;🔴 Atrasado (Prioridad Alta)
MS_0387_RECABARREN;-72.63270114;-38.7521834;01-07-2019;716.9;16-06-2021;-1629;🔴 Atrasado (Prioridad Alta)
MS_0101_ACCESO NORTE;-72.5575833;-38.7097477;13-07-2020;342.3;20-06-2021;-1625;🔴 Atrasado (Prioridad Alta)
MS_0675_AQUELARRE;-72.62816667;-38.74775833;06-06-2018;1117.5;27-06-2021;-1618;🔴 Atrasado (Prioridad Alta)
MS_0447_MUSEO FERROVIARIO;-72.56594002;-38.72463155;08-10-2020;264.5;29-06-2021;-1616;🔴 Atrasado (Prioridad Alta)
MS_0098_ACCESO NORTE;-72.551826;-38.709953;28-11-2019;582.8;02-07-2021;-1613;🔴 Atrasado (Prioridad Alta)
MS_0983_AMANECER;-72.62207681;-38.7557919;15-10-2019;632.5;08-07-2021;-1607;🔴 Atrasado (Prioridad Alta)
MS_0253_LAS ENCINAS;-72.64590556;-38.74354444;18-07-2019;726.2;13-07-2021;-1602;🔴 Atrasado (Prioridad Alta)
MS_0369_VILLA ALEGRE;-72.61691111;-38.72228889;24-06-2019;754.0;17-07-2021;-1598;🔴 Atrasado (Prioridad Alta)
MS_0370_VILLA ALEGRE;-72.60674132;-38.72530296;10-02-2020;523.8;17-07-2021;-1598;🔴 Atrasado (Prioridad Alta)
MS_0703_ESTACION;-72.58180556;-38.73200556;21-06-2019;759.2;19-07-2021;-1596;🔴 Atrasado (Prioridad Alta)
MS_0210_LAS ENCINAS;-72.63898999;-38.72789954;06-06-2019;776.3;21-07-2021;-1594;🔴 Atrasado (Prioridad Alta)
MS_0368_VILLA ALEGRE;-72.61654722;-38.7236;24-06-2019;762.9;25-07-2021;-1590;🔴 Atrasado (Prioridad Alta)
MS_0426_MUSEO FERROVIARIO;-72.57534167;-38.72876944;25-06-2020;395.4;25-07-2021;-1590;🔴 Atrasado (Prioridad Alta)
MS_0467_MUSEO FERROVIARIO;-72.572944;-38.720552;13-05-2020;441.6;28-07-2021;-1587;🔴 Atrasado (Prioridad Alta)
MS_0835_5 SUR;-72.60522607;-38.74881224;14-08-2018;1093.9;11-08-2021;-1573;🔴 Atrasado (Prioridad Alta)
MS_0969_JAVIERA CARRERA ORIENTE;-72.623736;-38.724542;21-11-2019;630.2;12-08-2021;-1572;🔴 Atrasado (Prioridad Alta)
MS_1275_MONTE VERDE;-72.65430693;-38.69061162;15-05-2020;457.8;15-08-2021;-1569;🔴 Atrasado (Prioridad Alta)
MS_0898_COSTANERA;-72.54308889;-38.70315278;07-05-2019;832.6;16-08-2021;-1568;🔴 Atrasado (Prioridad Alta)
MS_0897_COSTANERA;-72.5414496;-38.70257191;07-05-2019;832.6;16-08-2021;-1568;🔴 Atrasado (Prioridad Alta)
MS_0215_LAS ENCINAS;-72.63421111;-38.73840278;27-03-2019;873.6;16-08-2021;-1568;🔴 Atrasado (Prioridad Alta)
MS_0441_MUSEO FERROVIARIO;-72.57763333;-38.72378056;25-04-2018;1220.2;27-08-2021;-1557;🔴 Atrasado (Prioridad Alta)
MS_0793_VALPARAISO;-72.56517078;-38.72733359;28-02-2019;915.7;31-08-2021;-1553;🔴 Atrasado (Prioridad Alta)
MS_0652_RALUNCOYAN;-72.62528889;-38.71393056;25-05-2020;467.2;04-09-2021;-1549;🔴 Atrasado (Prioridad Alta)
MS_1105_CREADORES;-72.655894;-38.711467;11-08-2020;395.8;10-09-2021;-1543;🔴 Atrasado (Prioridad Alta)
MS_0660_RALUNCOYAN;-72.62504722;-38.71102778;14-01-2020;607.9;12-09-2021;-1541;🔴 Atrasado (Prioridad Alta)
MS_0385_RECABARREN;-72.65840979;-38.7542;23-08-2018;1123.5;19-09-2021;-1534;🔴 Atrasado (Prioridad Alta)
MS_0373_VILLA ALEGRE;-72.606104;-38.725807;10-02-2020;592.7;24-09-2021;-1529;🔴 Atrasado (Prioridad Alta)
MS_0920_CERRO MARIPOSA;-72.61359722;-38.717225;02-09-2019;757.0;27-09-2021;-1526;🔴 Atrasado (Prioridad Alta)
MS_0328_SAN ANTONIO;-72.57834741;-38.73918619;21-12-2018;1018.4;04-10-2021;-1519;🔴 Atrasado (Prioridad Alta)
MS_0867_BORDE RIO;-72.631055;-38.759513;18-05-2020;506.7;06-10-2021;-1517;🔴 Atrasado (Prioridad Alta)
MS_0057_ESTADIO;-72.61284117;-38.74151468;05-06-2020;490.4;08-10-2021;-1515;🔴 Atrasado (Prioridad Alta)
MS_0465_MUSEO FERROVIARIO;-72.57860833;-38.72808333;24-08-2019;777.8;09-10-2021;-1514;🔴 Atrasado (Prioridad Alta)
MS_0990_AMANECER;-72.620707;-38.758518;30-06-2020;475.6;18-10-2021;-1505;🔴 Atrasado (Prioridad Alta)
MS_0176_ALEMANIA;-72.61748;-38.737801;04-02-2020;623.2;19-10-2021;-1504;🔴 Atrasado (Prioridad Alta)
MS_0466_MUSEO FERROVIARIO;-72.562817;-38.725267;24-10-2019;730.1;23-10-2021;-1500;🔴 Atrasado (Prioridad Alta)
MS_0421_MUSEO FERROVIARIO;-72.56659659;-38.72103644;30-09-2020;391.3;26-10-2021;-1497;🔴 Atrasado (Prioridad Alta)
MS_0422_MUSEO FERROVIARIO;-72.56678154;-38.72049814;02-10-2020;399.0;04-11-2021;-1488;🔴 Atrasado (Prioridad Alta)
MS_0024_ESTADIO;-72.61133333;-38.74064444;24-09-2018;1140.4;07-11-2021;-1485;🔴 Atrasado (Prioridad Alta)
MS_0890_COSTANERA;-72.54855278;-38.70834167;13-11-2018;1092.5;09-11-2021;-1483;🔴 Atrasado (Prioridad Alta)
MS_0788_VALPARAISO;-72.57123056;-38.73733889;06-08-2019;829.3;12-11-2021;-1480;🔴 Atrasado (Prioridad Alta)
MS_0857_BORDE RIO;-72.63003333;-38.76013889;04-04-2019;955.3;14-11-2021;-1478;🔴 Atrasado (Prioridad Alta)
MS_0590_PRIETO SUR;-72.58837222;-38.7334;04-03-2021;256.5;15-11-2021;-1477;🔴 Atrasado (Prioridad Alta)
MS_0333_SAN ANTONIO;-72.57496111;-38.74362222;07-01-2020;685.0;22-11-2021;-1470;🔴 Atrasado (Prioridad Alta)
MS_0659_RALUNCOYAN;-72.6269;-38.71678056;25-05-2020;547.9;23-11-2021;-1469;🔴 Atrasado (Prioridad Alta)
MS_0054_ESTADIO;-72.62335294;-38.73607049;13-12-2019;712.6;24-11-2021;-1468;🔴 Atrasado (Prioridad Alta)
MS_0306_SAN ANTONIO;-72.58264763;-38.74698088;08-08-2018;1210.6;30-11-2021;-1462;🔴 Atrasado (Prioridad Alta)
MS_0007_ESTADIO;-72.61313528;-38.74213871;30-05-2018;1282.8;02-12-2021;-1460;🔴 Atrasado (Prioridad Alta)
MS_0828_5 SUR;-72.60870916;-38.74948115;14-08-2019;853.3;14-12-2021;-1448;🔴 Atrasado (Prioridad Alta)
MS_1102_CREADORES;-72.64792222;-38.71787778;13-09-2019;825.2;16-12-2021;-1446;🔴 Atrasado (Prioridad Alta)
MS_0307_SAN ANTONIO;-72.58324083;-38.74731376;08-08-2018;1230.8;20-12-2021;-1442;🔴 Atrasado (Prioridad Alta)
MS_0044_ESTADIO;-72.63338059;-38.74490224;04-12-2019;748.8;21-12-2021;-1441;🔴 Atrasado (Prioridad Alta)
MS_1173_COIHUECO;-72.65005;-38.710517;12-08-2020;505.7;30-12-2021;-1432;🔴 Atrasado (Prioridad Alta)
MS_0663_RALUNCOYAN;-72.62942924;-38.71245554;22-08-2019;862.5;31-12-2021;-1431;🔴 Atrasado (Prioridad Alta)
MS_0746_NAHUELBUTA;-72.563083;-38.72092;23-07-2020;531.2;05-01-2022;-1426;🔴 Atrasado (Prioridad Alta)
MS_0437_MUSEO FERROVIARIO;-72.573775;-38.72790278;18-02-2020;687.1;05-01-2022;-1426;🔴 Atrasado (Prioridad Alta)
MS_1183_LABRANZA UNO NORTE;-72.77051937;-38.76716111;10-04-2019;1005.7;09-01-2022;-1422;🔴 Atrasado (Prioridad Alta)
MS_1104_CREADORES;-72.655323;-38.712618;03-09-2020;509.8;25-01-2022;-1406;🔴 Atrasado (Prioridad Alta)
MS_0270_LAS ENCINAS;-72.64353977;-38.7421574;23-09-2020;493.1;29-01-2022;-1402;🔴 Atrasado (Prioridad Alta)
MS_0807_VALPARAISO;-72.56048333;-38.73333056;12-09-2019;872.9;31-01-2022;-1400;🔴 Atrasado (Prioridad Alta)
MS_1175_COIHUECO;-72.636873;-38.715073;01-06-2020;618.7;09-02-2022;-1391;🔴 Atrasado (Prioridad Alta)
MS_0342_SAN ANTONIO;-72.58018844;-38.74132637;13-09-2019;881.1;10-02-2022;-1390;🔴 Atrasado (Prioridad Alta)
MS_1170_COIHUECO;-72.62859444;-38.71680278;10-01-2020;769.0;17-02-2022;-1383;🔴 Atrasado (Prioridad Alta)
MS_0664_RALUNCOYAN;-72.62575556;-38.71322778;26-05-2020;632.9;17-02-2022;-1383;🔴 Atrasado (Prioridad Alta)
MS_0059_ESTADIO;-72.63521656;-38.7470989;02-10-2019;877.4;25-02-2022;-1375;🔴 Atrasado (Prioridad Alta)
MS_0985_AMANECER;-72.62723889;-38.75971944;08-04-2019;1055.4;26-02-2022;-1374;🔴 Atrasado (Prioridad Alta)
MS_1103_CREADORES;-72.63656944;-38.72448889;13-08-2020;570.8;06-03-2022;-1366;🔴 Atrasado (Prioridad Alta)
MS_0972_JAVIERA CARRERA ORIENTE;-72.61635388;-38.72610953;02-03-2021;369.3;06-03-2022;-1366;🔴 Atrasado (Prioridad Alta)
MS_0640_RALUNCOYAN;-72.61966111;-38.713675;04-05-2020;675.3;10-03-2022;-1362;🔴 Atrasado (Prioridad Alta)
MS_1172_COIHUECO;-72.629925;-38.71627222;10-01-2020;792.6;12-03-2022;-1360;🔴 Atrasado (Prioridad Alta)
MS_0269_LAS ENCINAS;-72.64260636;-38.74307789;21-09-2020;537.4;12-03-2022;-1360;🔴 Atrasado (Prioridad Alta)
MS_0748_NAHUELBUTA;-72.56384793;-38.7138083;03-03-2021;375.2;13-03-2022;-1359;🔴 Atrasado (Prioridad Alta)
MS_1106_CREADORES;-72.643049;-38.714257;12-08-2020;581.1;16-03-2022;-1356;🔴 Atrasado (Prioridad Alta)
MS_0002_ESTADIO;-72.6292714;-38.73833981;23-03-2018;1463.7;25-03-2022;-1347;🔴 Atrasado (Prioridad Alta)
MS_0982_AMANECER;-72.621319;-38.759548;03-06-2020;660.2;25-03-2022;-1347;🔴 Atrasado (Prioridad Alta)
MS_0856_BORDE RIO;-72.63088889;-38.76008611;14-05-2020;681.6;26-03-2022;-1346;🔴 Atrasado (Prioridad Alta)
MS_1269_JAVIERA CARRERA PONIENTE;-72.62819663;-38.72107526;16-03-2021;383.5;03-04-2022;-1338;🔴 Atrasado (Prioridad Alta)
MS_0653_RALUNCOYAN;-72.625425;-38.71251111;26-05-2020;680.7;06-04-2022;-1335;🔴 Atrasado (Prioridad Alta)
MS_1174_COIHUECO;-72.633363;-38.71294;01-06-2020;675.9;07-04-2022;-1334;🔴 Atrasado (Prioridad Alta)
MS_0678_AQUELARRE;-72.62045278;-38.75386667;03-09-2019;947.8;07-04-2022;-1334;🔴 Atrasado (Prioridad Alta)
MS_1171_COIHUECO;-72.63278056;-38.71441111;06-05-2020;704.0;10-04-2022;-1331;🔴 Atrasado (Prioridad Alta)
MS_0464_MUSEO FERROVIARIO;-72.57780556;-38.72769444;10-08-2019;976.2;12-04-2022;-1329;🔴 Atrasado (Prioridad Alta)
MS_0360_VILLA ALEGRE;-72.61112778;-38.72193056;12-02-2020;802.8;24-04-2022;-1317;🔴 Atrasado (Prioridad Alta)
MS_0272_LAS ENCINAS;-72.64527279;-38.74314536;23-09-2020;592.1;08-05-2022;-1303;🔴 Atrasado (Prioridad Alta)
MS_0468_MUSEO FERROVIARIO;-72.574544;-38.720939;20-05-2020;731.8;21-05-2022;-1290;🔴 Atrasado (Prioridad Alta)
MS_0046_ESTADIO;-72.616624;-38.751151;16-12-2019;887.7;21-05-2022;-1290;🔴 Atrasado (Prioridad Alta)
MS_0991_AMANECER;-72.620988;-38.760386;03-06-2020;721.2;25-05-2022;-1286;🔴 Atrasado (Prioridad Alta)
MS_0583_PRIETO SUR;-72.59961944;-38.74233889;18-06-2020;709.7;28-05-2022;-1283;🔴 Atrasado (Prioridad Alta)
MS_0568_PRIETO SUR;-72.5910502;-38.73520097;20-07-2020;687.0;06-06-2022;-1274;🔴 Atrasado (Prioridad Alta)
MS_0260_LAS ENCINAS;-72.63996108;-38.7360652;20-04-2021;420.9;14-06-2022;-1266;🔴 Atrasado (Prioridad Alta)
MS_0858_BORDE RIO;-72.62900945;-38.75999079;05-04-2019;1170.3;18-06-2022;-1262;🔴 Atrasado (Prioridad Alta)
MS_0591_PRIETO SUR;-72.600535;-38.740017;27-04-2021;420.6;21-06-2022;-1259;🔴 Atrasado (Prioridad Alta)
MS_0477_MUSEO FERROVIARIO;-72.57521657;-38.72113133;20-05-2020;767.5;26-06-2022;-1254;🔴 Atrasado (Prioridad Alta)
MS_0172_ALEMANIA;-72.61794204;-38.73501244;17-06-2020;790.7;16-08-2022;-1203;🔴 Atrasado (Prioridad Alta)
MS_0179_ALEMANIA;-72.625239;-38.731663;19-06-2020;800.8;28-08-2022;-1191;🔴 Atrasado (Prioridad Alta)
MS_0980_AMANECER;-72.62477387;-38.75934481;12-08-2019;1119.5;04-09-2022;-1184;🔴 Atrasado (Prioridad Alta)
MS_0304_SAN ANTONIO;-72.58568662;-38.7465079;08-08-2019;1124.9;05-09-2022;-1183;🔴 Atrasado (Prioridad Alta)
MS_0052_ESTADIO;-72.61227235;-38.74872489;30-08-2019;1106.3;09-09-2022;-1179;🔴 Atrasado (Prioridad Alta)
MS_0594_PRIETO SUR;-72.59085716;-38.74645235;01-10-2019;1082.1;17-09-2022;-1171;🔴 Atrasado (Prioridad Alta)
MS_0633_RALUNCOYAN;-72.62000556;-38.71409167;28-08-2018;1483.5;19-09-2022;-1169;🔴 Atrasado (Prioridad Alta)
MS_0069_ESTADIO;-72.63228185;-38.74568587;04-05-2021;513.6;29-09-2022;-1159;🔴 Atrasado (Prioridad Alta)
MS_0658_RALUNCOYAN;-72.63084722;-38.71471111;06-08-2020;787.7;02-10-2022;-1156;🔴 Atrasado (Prioridad Alta)
MS_0550_CAUPOLICAN;-72.59069671;-38.73406872;24-06-2020;833.2;05-10-2022;-1153;🔴 Atrasado (Prioridad Alta)
MS_0068_ESTADIO;-72.63273008;-38.74765428;03-05-2021;520.1;05-10-2022;-1153;🔴 Atrasado (Prioridad Alta)
MS_0448_MUSEO FERROVIARIO;-72.56573622;-38.72523131;20-01-2021;627.4;09-10-2022;-1149;🔴 Atrasado (Prioridad Alta)
MS_0470_MUSEO FERROVIARIO;-72.5779182;-38.72289125;22-05-2020;880.6;19-10-2022;-1139;🔴 Atrasado (Prioridad Alta)
MS_0647_RALUNCOYAN;-72.62320833;-38.70788056;03-10-2019;1114.7;21-10-2022;-1137;🔴 Atrasado (Prioridad Alta)
MS_0067_ESTADIO;-72.6327426;-38.74828603;28-04-2021;544.5;24-10-2022;-1134;🔴 Atrasado (Prioridad Alta)
MS_0929_CERRO MARIPOSA;-72.60888356;-38.72162047;30-07-2020;833.7;10-11-2022;-1117;🔴 Atrasado (Prioridad Alta)
MS_0070_ESTADIO;-72.62037001;-38.74015184;23-06-2021;508.7;13-11-2022;-1114;🔴 Atrasado (Prioridad Alta)
MS_0037_ESTADIO;-72.62953056;-38.73896146;27-03-2019;1332.9;18-11-2022;-1109;🔴 Atrasado (Prioridad Alta)
MS_0397_RECABARREN;-72.64346503;-38.75658751;19-08-2020;836.6;03-12-2022;-1094;🔴 Atrasado (Prioridad Alta)
MS_0707_ESTACION;-72.58247182;-38.73946295;25-04-2021;596.7;12-12-2022;-1085;🔴 Atrasado (Prioridad Alta)
MS_0618_INDUSTRIAL;-72.65310634;-38.76090998;12-01-2022;335.4;13-12-2022;-1084;🔴 Atrasado (Prioridad Alta)
MS_0363_VILLA ALEGRE;-72.61456654;-38.7227391;31-07-2020;868.7;16-12-2022;-1081;🔴 Atrasado (Prioridad Alta)
MS_0008_ESTADIO;-72.62376389;-38.73715556;24-04-2018;1699.1;18-12-2022;-1079;🔴 Atrasado (Prioridad Alta)
MS_1270_JAVIERA CARRERA PONIENTE;-72.62711481;-38.71818872;16-03-2021;650.7;26-12-2022;-1071;🔴 Atrasado (Prioridad Alta)
MS_1099_CREADORES;-72.66554444;-38.70961111;11-09-2020;836.3;26-12-2022;-1071;🔴 Atrasado (Prioridad Alta)
MS_0271_LAS ENCINAS;-72.64473098;-38.74278693;17-05-2022;228.8;31-12-2022;-1066;🔴 Atrasado (Prioridad Alta)
MS_1267_JAVIERA CARRERA PONIENTE;-72.62752116;-38.72080356;04-12-2020;760.0;03-01-2023;-1063;🔴 Atrasado (Prioridad Alta)
MS_0263_LAS ENCINAS;-72.64497765;-38.74126007;15-09-2020;841.2;04-01-2023;-1062;🔴 Atrasado (Prioridad Alta)
MS_0868_BORDE RIO;-72.64185375;-38.7585063;07-04-2021;638.9;05-01-2023;-1061;🔴 Atrasado (Prioridad Alta)
MS_0339_SAN ANTONIO;-72.58639271;-38.74694959;09-08-2019;1249.4;09-01-2023;-1057;🔴 Atrasado (Prioridad Alta)
MS_0055_ESTADIO;-72.62208106;-38.73837723;09-06-2021;580.1;10-01-2023;-1056;🔴 Atrasado (Prioridad Alta)
MS_0837_5 SUR;-72.6114838;-38.75286519;10-08-2021;528.8;20-01-2023;-1046;🔴 Atrasado (Prioridad Alta)
MS_0399_RECABARREN;-72.6546375;-38.75717459;25-02-2021;694.9;20-01-2023;-1046;🔴 Atrasado (Prioridad Alta)
MS_0107_ACCESO NORTE;-72.54690149;-38.70346075;08-04-2022;294.2;27-01-2023;-1039;🔴 Atrasado (Prioridad Alta)
MS_0928_CERRO MARIPOSA;-72.611907;-38.718277;28-07-2020;913.3;27-01-2023;-1039;🔴 Atrasado (Prioridad Alta)
MS_0053_ESTADIO;-72.61191667;-38.74975278;30-08-2019;1247.2;28-01-2023;-1038;🔴 Atrasado (Prioridad Alta)
MS_0693_ESTACION;-72.57951022;-38.73472149;29-09-2020;853.2;30-01-2023;-1036;🔴 Atrasado (Prioridad Alta)
MS_0071_ESTADIO;-72.6147753;-38.7425019;17-05-2022;262.1;03-02-2023;-1032;🔴 Atrasado (Prioridad Alta)
MS_0673_AQUELARRE;-72.62434444;-38.75078056;10-11-2022;96.3;14-02-2023;-1021;🔴 Atrasado (Prioridad Alta)
MS_1098_CREADORES;-72.66530594;-38.70885833;11-09-2020;886.0;14-02-2023;-1021;🔴 Atrasado (Prioridad Alta)
MS_0930_CERRO MARIPOSA;-72.610035;-38.718041;29-07-2020;931.9;15-02-2023;-1020;🔴 Atrasado (Prioridad Alta)
MS_1119_LABRANZA ALTO;-72.75467423;-38.76147901;28-02-2022;353.7;16-02-2023;-1019;🔴 Atrasado (Prioridad Alta)
MS_0267_LAS ENCINAS;-72.64548625;-38.74097176;15-09-2020;884.8;16-02-2023;-1019;🔴 Atrasado (Prioridad Alta)
MS_0367_VILLA ALEGRE;-72.61329722;-38.72612222;31-07-2020;930.6;16-02-2023;-1019;🔴 Atrasado (Prioridad Alta)
MS_0106_ACCESO NORTE;-72.54498759;-38.70384591;06-04-2022;319.1;19-02-2023;-1016;🔴 Atrasado (Prioridad Alta)
MS_0966_JAVIERA CARRERA ORIENTE;-72.62243454;-38.72591674;04-05-2022;293.8;21-02-2023;-1014;🔴 Atrasado (Prioridad Alta)
MS_0681_AQUELARRE;-72.62332576;-38.74913781;10-11-2022;107.8;25-02-2023;-1010;🔴 Atrasado (Prioridad Alta)
MS_0778_VALPARAISO;-72.56605645;-38.73707627;22-10-2020;859.3;28-02-2023;-1007;🔴 Atrasado (Prioridad Alta)
MS_0111_ACCESO NORTE;-72.54777872;-38.70563468;12-07-2022;231.4;28-02-2023;-1007;🔴 Atrasado (Prioridad Alta)
MS_0836_5 SUR;-72.61075675;-38.7526079;09-08-2021;569.3;01-03-2023;-1006;🔴 Atrasado (Prioridad Alta)
MS_0110_ACCESO NORTE;-72.54702591;-38.70505767;12-07-2022;235.1;04-03-2023;-1003;🔴 Atrasado (Prioridad Alta)
MS_0109_ACCESO NORTE;-72.54633927;-38.70445206;12-07-2022;243.6;12-03-2023;-995;🔴 Atrasado (Prioridad Alta)
MS_0683_AQUELARRE;-72.62269535;-38.75073546;09-11-2022;129.2;18-03-2023;-989;🔴 Atrasado (Prioridad Alta)
MS_0105_ACCESO NORTE;-72.54906941;-38.70695606;12-07-2022;249.1;18-03-2023;-989;🔴 Atrasado (Prioridad Alta)
MS_0617_INDUSTRIAL;-72.6527657;-38.76137568;11-01-2022;437.5;24-03-2023;-983;🔴 Atrasado (Prioridad Alta)
MS_0694_ESTACION;-72.58281944;-38.73073611;29-07-2021;605.5;26-03-2023;-981;🔴 Atrasado (Prioridad Alta)
MS_0975_JAVIERA CARRERA ORIENTE;-72.61190302;-38.72855815;06-06-2022;294.9;27-03-2023;-980;🔴 Atrasado (Prioridad Alta)
MS_0684_AQUELARRE;-72.62292072;-38.7511872;10-11-2022;145.5;04-04-2023;-972;🔴 Atrasado (Prioridad Alta)
MS_0051_ESTADIO;-72.61273611;-38.74950556;30-08-2019;1315.0;05-04-2023;-971;🔴 Atrasado (Prioridad Alta)
MS_0285_LAS ENCINAS;-72.63436832;-38.74350164;06-07-2022;275.1;07-04-2023;-969;🔴 Atrasado (Prioridad Alta)
MS_0863_BORDE RIO;-72.6310503;-38.75528657;04-09-2020;948.7;10-04-2023;-966;🔴 Atrasado (Prioridad Alta)
MS_0619_INDUSTRIAL;-72.65381756;-38.76053526;13-01-2022;455.6;13-04-2023;-963;🔴 Atrasado (Prioridad Alta)
MS_0063_ESTADIO;-72.62800329;-38.73494764;03-10-2018;1656.6;16-04-2023;-960;🔴 Atrasado (Prioridad Alta)
MS_0433_MUSEO FERROVIARIO;-72.56731171;-38.72495808;27-12-2021;476.2;17-04-2023;-959;🔴 Atrasado (Prioridad Alta)
MS_0097_ACCESO NORTE;-72.54152017;-38.70222263;09-08-2022;256.2;22-04-2023;-954;🔴 Atrasado (Prioridad Alta)
MS_0255_LAS ENCINAS;-72.64718611;-38.74392778;02-06-2022;324.3;22-04-2023;-954;🔴 Atrasado (Prioridad Alta)
MS_1096_CREADORES;-72.66453056;-38.70735556;22-11-2018;1623.1;03-05-2023;-943;🔴 Atrasado (Prioridad Alta)
MS_0682_AQUELARRE;-72.62285014;-38.75224878;07-11-2022;178.9;04-05-2023;-942;🔴 Atrasado (Prioridad Alta)
MS_0113_ACCESO NORTE;-72.54958742;-38.70768311;12-07-2022;298.4;06-05-2023;-940;🔴 Atrasado (Prioridad Alta)
MS_0345_SAN ANTONIO;-72.57979186;-38.73999182;01-03-2021;807.1;17-05-2023;-929;🔴 Atrasado (Prioridad Alta)
MS_0444_MUSEO FERROVIARIO;-72.58099167;-38.72930833;17-08-2021;655.1;03-06-2023;-912;🔴 Atrasado (Prioridad Alta)
MS_0022_ESTADIO;-72.62163827;-38.73761643;09-06-2021;725.6;04-06-2023;-911;🔴 Atrasado (Prioridad Alta)
MS_0164_ALEMANIA;-72.62684444;-38.73348056;28-03-2019;1539.2;14-06-2023;-901;🔴 Atrasado (Prioridad Alta)
MS_0894_COSTANERA;-72.55049167;-38.71320833;12-12-2018;1646.2;15-06-2023;-900;🔴 Atrasado (Prioridad Alta)
MS_0014_ESTADIO;-72.61503761;-38.73891548;10-06-2020;1109.2;24-06-2023;-891;🔴 Atrasado (Prioridad Alta)
MS_0329_SAN ANTONIO;-72.57729722;-38.74029722;22-03-2022;484.8;19-07-2023;-866;🔴 Atrasado (Prioridad Alta)
MS_0974_JAVIERA CARRERA ORIENTE;-72.61681452;-38.72834443;31-05-2022;416.1;21-07-2023;-864;🔴 Atrasado (Prioridad Alta)
MS_0302_SAN ANTONIO;-72.58552047;-38.7460079;04-08-2020;1084.0;23-07-2023;-862;🔴 Atrasado (Prioridad Alta)
MS_0616_INDUSTRIAL;-72.65209515;-38.76184627;11-01-2022;559.3;24-07-2023;-861;🔴 Atrasado (Prioridad Alta)
MS_0838_5 SUR;-72.60947465;-38.75232367;13-08-2021;712.4;26-07-2023;-859;🔴 Atrasado (Prioridad Alta)
MS_0685_AQUELARRE;-72.62124441;-38.75061859;11-11-2022;259.9;28-07-2023;-857;🔴 Atrasado (Prioridad Alta)
MS_0300_SAN ANTONIO;-72.58506906;-38.74457747;21-04-2022;471.2;05-08-2023;-849;🔴 Atrasado (Prioridad Alta)
MS_0077_ESTADIO;-72.60839832;-38.74468623;20-03-2023;140.8;07-08-2023;-847;🔴 Atrasado (Prioridad Alta)
MS_0893_COSTANERA;-72.55068611;-38.71258333;12-12-2018;1699.4;07-08-2023;-847;🔴 Atrasado (Prioridad Alta)
MS_0058_ESTADIO;-72.613699;-38.750244;15-07-2020;1126.4;15-08-2023;-839;🔴 Atrasado (Prioridad Alta)
MS_0450_MUSEO FERROVIARIO;-72.567349;-38.720497;11-05-2023;99.5;18-08-2023;-836;🔴 Atrasado (Prioridad Alta)
MS_0114_ACCESO NORTE;-72.55574079;-38.70733464;09-06-2023;75.6;23-08-2023;-831;🔴 Atrasado (Prioridad Alta)
MS_0553_CAUPOLICAN;-72.58577738;-38.73113572;15-06-2021;800.4;24-08-2023;-830;🔴 Atrasado (Prioridad Alta)
MS_0298_SAN ANTONIO;-72.57481551;-38.74061984;06-04-2023;142.6;26-08-2023;-828;🔴 Atrasado (Prioridad Alta)
MS_0912_CERRO MARIPOSA;-72.61663889;-38.720925;31-08-2021;728.0;28-08-2023;-826;🔴 Atrasado (Prioridad Alta)
MS_0074_ESTADIO;-72.60524084;-38.74393185;25-03-2023;163.3;04-09-2023;-819;🔴 Atrasado (Prioridad Alta)
MS_0095_ACCESO NORTE;-72.55619213;-38.70702375;09-06-2023;87.5;04-09-2023;-819;🔴 Atrasado (Prioridad Alta)
MS_0284_LAS ENCINAS;-72.63480669;-38.72702028;16-06-2022;447.4;06-09-2023;-817;🔴 Atrasado (Prioridad Alta)
MS_0642_RALUNCOYAN;-72.62339559;-38.71162748;21-04-2023;139.5;07-09-2023;-816;🔴 Atrasado (Prioridad Alta)
MS_1266_JAVIERA CARRERA PONIENTE;-72.62449321;-38.72086612;28-03-2023;172.2;16-09-2023;-807;🔴 Atrasado (Prioridad Alta)
MS_0395_RECABARREN;-72.64516995;-38.75403654;23-07-2019;1517.6;17-09-2023;-806;🔴 Atrasado (Prioridad Alta)
MS_0480_MUSEO FERROVIARIO;-72.58120929;-38.72992064;18-08-2021;764.6;21-09-2023;-802;🔴 Atrasado (Prioridad Alta)
MS_0710_ESTACION;-72.57271126;-38.73131803;24-05-2022;486.7;22-09-2023;-801;🔴 Atrasado (Prioridad Alta)
MS_0892_COSTANERA;-72.55087778;-38.71199722;12-12-2018;1760.5;07-10-2023;-786;🔴 Atrasado (Prioridad Alta)
MS_0078_ESTADIO;-72.60988304;-38.74547134;16-03-2023;210.7;12-10-2023;-781;🔴 Atrasado (Prioridad Alta)
MS_0481_MUSEO FERROVIARIO;-72.5633029;-38.72559683;18-02-2022;608.6;19-10-2023;-774;🔴 Atrasado (Prioridad Alta)
MS_0709_ESTACION;-72.58303288;-38.73175918;27-07-2021;817.4;22-10-2023;-771;🔴 Atrasado (Prioridad Alta)
MS_0268_LAS ENCINAS;-72.64714296;-38.7395151;15-09-2020;1133.4;23-10-2023;-770;🔴 Atrasado (Prioridad Alta)
MS_0017_ESTADIO;-72.6060321;-38.7402736;02-10-2018;1857.0;01-11-2023;-761;🔴 Atrasado (Prioridad Alta)
MS_0708_ESTACION;-72.58339054;-38.73271889;17-06-2021;870.6;04-11-2023;-758;🔴 Atrasado (Prioridad Alta)
MS_0973_JAVIERA CARRERA ORIENTE;-72.6203036;-38.71882394;03-01-2022;670.4;04-11-2023;-758;🔴 Atrasado (Prioridad Alta)
MS_0988_AMANECER;-72.62399602;-38.75635644;13-09-2021;802.6;24-11-2023;-738;🔴 Atrasado (Prioridad Alta)
MS_0075_ESTADIO;-72.6147594;-38.74346088;15-03-2023;256.8;26-11-2023;-736;🔴 Atrasado (Prioridad Alta)
MS_0549_CAUPOLICAN;-72.58881667;-38.73189722;14-08-2021;849.2;11-12-2023;-721;🔴 Atrasado (Prioridad Alta)
MS_0371_VILLA ALEGRE;-72.61017778;-38.72646111;05-05-2020;1316.8;12-12-2023;-720;🔴 Atrasado (Prioridad Alta)
MS_0250_LAS ENCINAS;-72.63479071;-38.73929564;07-03-2023;284.9;16-12-2023;-716;🔴 Atrasado (Prioridad Alta)
MS_1004_BOTROLHUE;-72.66690556;-38.74234167;07-07-2022;532.8;21-12-2023;-711;🔴 Atrasado (Prioridad Alta)
MS_0651_RALUNCOYAN;-72.62905278;-38.71098056;06-07-2023;172.4;25-12-2023;-707;🔴 Atrasado (Prioridad Alta)
MS_1073_SECTOR RIBEREÑO;-72.76050278;-38.77009722;13-01-2020;1446.7;29-12-2023;-703;🔴 Atrasado (Prioridad Alta)
MS_0455_MUSEO FERROVIARIO;-72.58221944;-38.72878056;23-09-2022;467.4;03-01-2024;-698;🔴 Atrasado (Prioridad Alta)
MS_0308_SAN ANTONIO;-72.57228333;-38.74106667;21-03-2023;296.6;11-01-2024;-690;🔴 Atrasado (Prioridad Alta)
MS_0555_CAUPOLICAN;-72.59651899;-38.73744819;11-06-2022;586.6;18-01-2024;-683;🔴 Atrasado (Prioridad Alta)
MS_0674_AQUELARRE;-72.62220239;-38.74933634;18-01-2023;369.4;22-01-2024;-679;🔴 Atrasado (Prioridad Alta)
MS_1092_CREADORES;-72.65951944;-38.70855833;18-05-2023;264.8;06-02-2024;-664;🔴 Atrasado (Prioridad Alta)
MS_0938_CERRO MARIPOSA;-72.61103576;-38.71876171;14-11-2022;453.7;10-02-2024;-660;🔴 Atrasado (Prioridad Alta)
MS_0747_NAHUELBUTA;-72.56270384;-38.72321764;04-04-2023;316.2;14-02-2024;-656;🔴 Atrasado (Prioridad Alta)
MS_1089_CREADORES;-72.65414444;-38.70863889;18-05-2023;273.9;15-02-2024;-655;🔴 Atrasado (Prioridad Alta)
MS_1090_CREADORES;-72.65517222;-38.70841389;18-05-2023;273.9;15-02-2024;-655;🔴 Atrasado (Prioridad Alta)
MS_1088_CREADORES;-72.65358611;-38.70875;18-05-2023;276.8;18-02-2024;-652;🔴 Atrasado (Prioridad Alta)
MS_1091_CREADORES;-72.65679444;-38.70820556;18-05-2023;284.8;26-02-2024;-644;🔴 Atrasado (Prioridad Alta)
MS_0726_NAHUELBUTA;-72.56175278;-38.71781389;10-07-2023;234.9;29-02-2024;-641;🔴 Atrasado (Prioridad Alta)
MS_0895_COSTANERA;-72.55000556;-38.71430278;24-06-2022;619.1;04-03-2024;-637;🔴 Atrasado (Prioridad Alta)
MS_1095_CREADORES;-72.66324722;-38.70708889;19-05-2023;295.2;09-03-2024;-632;🔴 Atrasado (Prioridad Alta)
MS_1094_CREADORES;-72.66235833;-38.70731111;19-05-2023;295.2;09-03-2024;-632;🔴 Atrasado (Prioridad Alta)
MS_0079_ESTADIO;-72.61059628;-38.74591993;16-03-2023;360.7;10-03-2024;-631;🔴 Atrasado (Prioridad Alta)
MS_1035_ALTO DEL BOSQUE;-72.74236089;-38.75790824;24-05-2023;293.0;12-03-2024;-629;🔴 Atrasado (Prioridad Alta)
MS_0686_AQUELARRE;-72.62094255;-38.75168351;16-11-2022;501.7;31-03-2024;-610;🔴 Atrasado (Prioridad Alta)
MS_0028_ESTADIO;-72.60433838;-38.74166047;28-01-2023;432.5;04-04-2024;-606;🔴 Atrasado (Prioridad Alta)
MS_0798_VALPARAISO;-72.57026667;-38.73709722;18-12-2018;1938.2;08-04-2024;-602;🔴 Atrasado (Prioridad Alta)
MS_0314_SAN ANTONIO;-72.57423056;-38.74078889;22-03-2023;392.6;17-04-2024;-593;🔴 Atrasado (Prioridad Alta)
MS_0687_AQUELARRE;-72.62146887;-38.75153981;22-05-2023;332.0;18-04-2024;-592;🔴 Atrasado (Prioridad Alta)
MS_0081_ESTADIO;-72.61241299;-38.74768046;17-03-2023;399.4;19-04-2024;-591;🔴 Atrasado (Prioridad Alta)
MS_1031_ALTO DEL BOSQUE;-72.74096807;-38.75691623;23-05-2023;335.0;22-04-2024;-588;🔴 Atrasado (Prioridad Alta)
MS_0751_NAHUELBUTA;-72.56130157;-38.71236742;02-11-2022;538.2;23-04-2024;-587;🔴 Atrasado (Prioridad Alta)
MS_0475_MUSEO FERROVIARIO;-72.57993857;-38.72768475;22-09-2022;584.4;28-04-2024;-582;🔴 Atrasado (Prioridad Alta)
MS_0072_ESTADIO;-72.62703233;-38.74134651;01-06-2022;699.7;30-04-2024;-580;🔴 Atrasado (Prioridad Alta)
MS_0348_SAN ANTONIO;-72.57551613;-38.73655083;23-03-2023;406.6;02-05-2024;-578;🔴 Atrasado (Prioridad Alta)
MS_1224_LABRANZA UNO NORTE;-72.77848589;-38.76452727;16-04-2024;20.8;06-05-2024;-574;🔴 Atrasado (Prioridad Alta)
MS_0711_ESTACION;-72.58512254;-38.73366234;20-05-2023;352.3;06-05-2024;-574;🔴 Atrasado (Prioridad Alta)
MS_0899_COSTANERA;-72.549374;-38.712032;10-12-2019;1611.3;08-05-2024;-572;🔴 Atrasado (Prioridad Alta)
MS_1225_LABRANZA UNO NORTE;-72.77587563;-38.76469992;16-04-2024;22.7;08-05-2024;-572;🔴 Atrasado (Prioridad Alta)
MS_0400_RECABARREN;-72.63877617;-38.7544661;28-03-2023;408.2;09-05-2024;-571;🔴 Atrasado (Prioridad Alta)
MS_0872_BORDE RIO;-72.62916925;-38.75919874;03-05-2023;375.4;12-05-2024;-568;🔴 Atrasado (Prioridad Alta)
MS_0752_NAHUELBUTA;-72.56276784;-38.71138932;04-11-2022;555.1;12-05-2024;-568;🔴 Atrasado (Prioridad Alta)
MS_0080_ESTADIO;-72.61170189;-38.74693767;16-03-2023;424.4;13-05-2024;-567;🔴 Atrasado (Prioridad Alta)
MS_0487_MUSEO FERROVIARIO;-72.56230517;-38.72432084;04-04-2023;405.8;13-05-2024;-567;🔴 Atrasado (Prioridad Alta)
MS_0184_ALEMANIA;-72.62132486;-38.72978541;06-04-2021;1133.5;13-05-2024;-567;🔴 Atrasado (Prioridad Alta)
MS_1235_LABRANZA UNO NORTE;-72.76399612;-38.76522695;22-04-2024;25.5;17-05-2024;-563;🔴 Atrasado (Prioridad Alta)
MS_1230_LABRANZA UNO NORTE;-72.76597023;-38.76550301;22-04-2024;26.7;18-05-2024;-562;🔴 Atrasado (Prioridad Alta)
MS_0797_VALPARAISO;-72.56905278;-38.73676944;18-12-2018;1978.6;18-05-2024;-562;🔴 Atrasado (Prioridad Alta)
MS_1226_LABRANZA UNO NORTE;-72.77531639;-38.7652876;16-04-2024;33.5;19-05-2024;-561;🔴 Atrasado (Prioridad Alta)
MS_1234_LABRANZA UNO NORTE;-72.76441991;-38.76433602;22-04-2024;28.7;20-05-2024;-560;🔴 Atrasado (Prioridad Alta)
MS_0453_MUSEO FERROVIARIO;-72.5732446;-38.72701079;13-09-2023;251.6;21-05-2024;-559;🔴 Atrasado (Prioridad Alta)
MS_1229_LABRANZA UNO NORTE;-72.76683658;-38.76596729;19-04-2024;33.7;22-05-2024;-558;🔴 Atrasado (Prioridad Alta)
MS_1233_LABRANZA UNO NORTE;-72.7648437;-38.76536916;22-04-2024;30.1;22-05-2024;-558;🔴 Atrasado (Prioridad Alta)
MS_1222_LABRANZA UNO NORTE;-72.77723223;-38.76389776;15-04-2024;39.2;24-05-2024;-556;🔴 Atrasado (Prioridad Alta)
MS_0482_MUSEO FERROVIARIO;-72.57627774;-38.72678091;06-07-2022;688.4;24-05-2024;-556;🔴 Atrasado (Prioridad Alta)
MS_0073_ESTADIO;-72.62812126;-38.7374772;13-06-2022;713.6;26-05-2024;-554;🔴 Atrasado (Prioridad Alta)
MS_1223_LABRANZA UNO NORTE;-72.77613789;-38.76412446;15-04-2024;41.2;26-05-2024;-554;🔴 Atrasado (Prioridad Alta)
MS_0644_RALUNCOYAN;-72.62433611;-38.70940278;21-04-2023;402.4;27-05-2024;-553;🔴 Atrasado (Prioridad Alta)
MS_0561_PRIETO SUR;-72.58800293;-38.73450423;24-07-2021;1039.7;28-05-2024;-552;🔴 Atrasado (Prioridad Alta)
MS_0635_RALUNCOYAN;-72.62205278;-38.71141667;12-04-2024;48.5;30-05-2024;-550;🔴 Atrasado (Prioridad Alta)
MS_0187_ALEMANIA;-72.62269263;-38.73466054;23-06-2022;707.8;30-05-2024;-550;🔴 Atrasado (Prioridad Alta)
MS_1227_LABRANZA UNO NORTE;-72.77690023;-38.76646921;16-04-2024;45.7;31-05-2024;-549;🔴 Atrasado (Prioridad Alta)
MS_0655_RALUNCOYAN;-72.62676111;-38.71128056;07-07-2023;330.8;01-06-2024;-548;🔴 Atrasado (Prioridad Alta)
MS_1237_LABRANZA UNO NORTE;-72.76178062;-38.76495507;22-04-2024;45.2;06-06-2024;-543;🔴 Atrasado (Prioridad Alta)
MS_1036_ALTO DEL BOSQUE;-72.7478278;-38.76078383;25-05-2023;380.0;07-06-2024;-542;🔴 Atrasado (Prioridad Alta)
MS_1231_LABRANZA UNO NORTE;-72.77281523;-38.76598402;20-04-2024;49.7;08-06-2024;-541;🔴 Atrasado (Prioridad Alta)
MS_0486_MUSEO FERROVIARIO;-72.57139695;-38.72115291;25-01-2023;501.2;09-06-2024;-540;🔴 Atrasado (Prioridad Alta)
MS_0679_AQUELARRE;-72.619583;-38.752533;16-11-2022;573.2;11-06-2024;-538;🔴 Atrasado (Prioridad Alta)
MS_1188_LABRANZA UNO NORTE;-72.76563227;-38.76647339;20-04-2024;56.4;15-06-2024;-534;🔴 Atrasado (Prioridad Alta)
MS_0040_ESTADIO;-72.62553333;-38.74556944;08-08-2022;684.1;22-06-2024;-527;🔴 Atrasado (Prioridad Alta)
MS_0442_MUSEO FERROVIARIO;-72.56661589;-38.72276129;16-08-2023;327.8;08-07-2024;-511;🔴 Atrasado (Prioridad Alta)
MS_0662_RALUNCOYAN;-72.62874777;-38.71157928;07-07-2023;369.9;10-07-2024;-509;🔴 Atrasado (Prioridad Alta)
MS_1114_LABRANZA ALTO;-72.76667489;-38.76351129;01-02-2022;890.5;10-07-2024;-509;🔴 Atrasado (Prioridad Alta)
MS_0996_AMANECER;-72.61207991;-38.75568533;06-06-2023;404.5;14-07-2024;-505;🔴 Atrasado (Prioridad Alta)
MS_0188_ALEMANIA;-72.61402026;-38.73065881;20-07-2023;362.4;16-07-2024;-503;🔴 Atrasado (Prioridad Alta)
MS_0403_RECABARREN;-72.63479712;-38.75469991;29-03-2023;479.8;20-07-2024;-499;🔴 Atrasado (Prioridad Alta)
MS_1236_LABRANZA UNO NORTE;-72.76260825;-38.76554157;23-04-2024;91.7;23-07-2024;-496;🔴 Atrasado (Prioridad Alta)
MS_1238_LABRANZA UNO NORTE;-72.76415169;-38.76617433;23-04-2024;95.6;27-07-2024;-492;🔴 Atrasado (Prioridad Alta)
MS_0082_ESTADIO;-72.61822989;-38.74876621;22-04-2023;465.6;30-07-2024;-489;🔴 Atrasado (Prioridad Alta)
MS_0223_LAS ENCINAS;-72.63696287;-38.73958891;06-10-2023;298.4;30-07-2024;-489;🔴 Atrasado (Prioridad Alta)
MS_1239_LABRANZA UNO NORTE;-72.76379764;-38.76677454;23-04-2024;99.7;31-07-2024;-488;🔴 Atrasado (Prioridad Alta)
MS_0485_MUSEO FERROVIARIO;-72.57232925;-38.72248357;24-01-2023;557.6;03-08-2024;-485;🔴 Atrasado (Prioridad Alta)
MS_0186_ALEMANIA;-72.62072283;-38.73382629;22-06-2022;775.8;05-08-2024;-483;🔴 Atrasado (Prioridad Alta)
MS_0405_RECABARREN;-72.63732797;-38.75536512;29-03-2023;496.8;06-08-2024;-482;🔴 Atrasado (Prioridad Alta)
MS_0554_CAUPOLICAN;-72.59183049;-38.7329122;23-12-2022;598.0;12-08-2024;-476;🔴 Atrasado (Prioridad Alta)
MS_0514_LOS RIOS;-72.55128276;-38.7161834;29-08-2022;717.6;15-08-2024;-473;🔴 Atrasado (Prioridad Alta)
MS_0406_RECABARREN;-72.63530665;-38.75477351;30-03-2023;506.5;17-08-2024;-471;🔴 Atrasado (Prioridad Alta)
MS_0201_LAS ENCINAS;-72.63848001;-38.73849173;11-05-2022;831.5;19-08-2024;-469;🔴 Atrasado (Prioridad Alta)
MS_0404_RECABARREN;-72.63652509;-38.75511273;29-03-2023;510.4;20-08-2024;-468;🔴 Atrasado (Prioridad Alta)
MS_0123_ACCESO NORTE;-72.55119341;-38.69869765;15-05-2024;99.9;22-08-2024;-466;🔴 Atrasado (Prioridad Alta)
MS_0408_RECABARREN;-72.63415687;-38.75387478;30-03-2023;517.7;28-08-2024;-460;🔴 Atrasado (Prioridad Alta)
MS_0808_VALPARAISO;-72.56092897;-38.73384591;18-12-2019;1716.3;29-08-2024;-459;🔴 Atrasado (Prioridad Alta)
MS_1137_LABRANZA ALTO;-72.77079802;-38.7623217;25-04-2024;127.8;30-08-2024;-458;🔴 Atrasado (Prioridad Alta)
MS_0126_ACCESO NORTE;-72.5512573;-38.6974367;15-05-2024;109.4;01-09-2024;-456;🔴 Atrasado (Prioridad Alta)
MS_0122_ACCESO NORTE;-72.55168158;-38.69883162;15-05-2024;109.4;01-09-2024;-456;🔴 Atrasado (Prioridad Alta)
MS_0131_ACCESO NORTE;-72.54793244;-38.69744218;15-05-2024;110.7;02-09-2024;-455;🔴 Atrasado (Prioridad Alta)
MS_0129_ACCESO NORTE;-72.54741404;-38.69953683;15-05-2024;111.5;03-09-2024;-454;🔴 Atrasado (Prioridad Alta)
MS_0182_ALEMANIA;-72.61542273;-38.73142233;20-06-2023;441.6;03-09-2024;-454;🔴 Atrasado (Prioridad Alta)
MS_0297_SAN ANTONIO;-72.58706089;-38.7464119;24-01-2024;225.4;05-09-2024;-452;🔴 Atrasado (Prioridad Alta)
MS_0061_ESTADIO;-72.61528607;-38.74009186;08-07-2023;429.9;09-09-2024;-448;🔴 Atrasado (Prioridad Alta)
MS_0119_ACCESO NORTE;-72.55072965;-38.70266134;10-05-2024;123.5;10-09-2024;-447;🔴 Atrasado (Prioridad Alta)
MS_1139_LABRANZA ALTO;-72.76956206;-38.76141735;25-04-2024;139.8;11-09-2024;-446;🔴 Atrasado (Prioridad Alta)
MS_1141_LABRANZA ALTO;-72.76768628;-38.76144816;25-04-2024;139.9;11-09-2024;-446;🔴 Atrasado (Prioridad Alta)
MS_1140_LABRANZA ALTO;-72.76860051;-38.76145171;25-04-2024;140.6;12-09-2024;-445;🔴 Atrasado (Prioridad Alta)
MS_1143_LABRANZA ALTO;-72.76707953;-38.7614613;25-04-2024;140.9;12-09-2024;-445;🔴 Atrasado (Prioridad Alta)
MS_0665_RALUNCOYAN;-72.62501007;-38.70908466;24-04-2023;508.9;13-09-2024;-444;🔴 Atrasado (Prioridad Alta)
MS_0327_SAN ANTONIO;-72.57857734;-38.7400488;22-03-2023;541.6;13-09-2024;-444;🔴 Atrasado (Prioridad Alta)
MS_1245_LABRANZA UNO NORTE;-72.75955582;-38.76533016;23-04-2024;143.4;13-09-2024;-444;🔴 Atrasado (Prioridad Alta)
MS_1244_LABRANZA UNO NORTE;-72.76008677;-38.76533808;23-04-2024;143.4;13-09-2024;-444;🔴 Atrasado (Prioridad Alta)
MS_1134_LABRANZA ALTO;-72.76910445;-38.76250295;25-04-2024;144.6;16-09-2024;-441;🔴 Atrasado (Prioridad Alta)
MS_0125_ACCESO NORTE;-72.55176692;-38.6971855;15-05-2024;124.4;16-09-2024;-441;🔴 Atrasado (Prioridad Alta)
MS_0428_MUSEO FERROVIARIO;-72.57390833;-38.72281667;23-01-2023;603.4;17-09-2024;-440;🔴 Atrasado (Prioridad Alta)
MS_0130_ACCESO NORTE;-72.54998983;-38.6970873;15-05-2024;126.9;18-09-2024;-439;🔴 Atrasado (Prioridad Alta)
MS_0631_RALUNCOYAN;-72.62856389;-38.71388056;05-06-2023;471.2;18-09-2024;-439;🔴 Atrasado (Prioridad Alta)
MS_0128_ACCESO NORTE;-72.54994337;-38.69885575;15-05-2024;126.9;18-09-2024;-439;🔴 Atrasado (Prioridad Alta)
MS_0127_ACCESO NORTE;-72.55006809;-38.69798112;15-05-2024;126.9;18-09-2024;-439;🔴 Atrasado (Prioridad Alta)
MS_0927_CERRO MARIPOSA;-72.60910401;-38.71816282;02-06-2023;475.8;19-09-2024;-438;🔴 Atrasado (Prioridad Alta)
MS_1144_LABRANZA ALTO;-72.76526946;-38.76198792;26-04-2024;147.1;20-09-2024;-437;🔴 Atrasado (Prioridad Alta)
MS_1130_LABRANZA ALTO;-72.77280017;-38.76264561;25-04-2024;148.2;20-09-2024;-437;🔴 Atrasado (Prioridad Alta)
MS_1243_LABRANZA UNO NORTE;-72.76070287;-38.76632603;23-04-2024;150.6;20-09-2024;-437;🔴 Atrasado (Prioridad Alta)
MS_1138_LABRANZA ALTO;-72.77054267;-38.76124877;25-04-2024;151.6;23-09-2024;-434;🔴 Atrasado (Prioridad Alta)
MS_1132_LABRANZA ALTO;-72.7699463;-38.76251761;25-04-2024;152.5;24-09-2024;-433;🔴 Atrasado (Prioridad Alta)
MS_0120_ACCESO NORTE;-72.5521178;-38.69945086;15-05-2024;132.4;24-09-2024;-433;🔴 Atrasado (Prioridad Alta)
MS_0483_MUSEO FERROVIARIO;-72.56399569;-38.72035923;03-08-2023;418.8;24-09-2024;-433;🔴 Atrasado (Prioridad Alta)
MS_0185_ALEMANIA;-72.6200921;-38.73243224;18-06-2022;829.4;24-09-2024;-433;🔴 Atrasado (Prioridad Alta)
MS_0313_SAN ANTONIO;-72.58066887;-38.74318276;28-07-2023;426.1;26-09-2024;-431;🔴 Atrasado (Prioridad Alta)
MS_1241_LABRANZA UNO NORTE;-72.76220977;-38.76705896;23-04-2024;156.2;26-09-2024;-431;🔴 Atrasado (Prioridad Alta)
MS_1142_LABRANZA ALTO;-72.76755697;-38.76206364;25-04-2024;158.2;30-09-2024;-427;🔴 Atrasado (Prioridad Alta)
MS_1146_LABRANZA ALTO;-72.76384468;-38.76142573;26-04-2024;158.2;01-10-2024;-426;🔴 Atrasado (Prioridad Alta)
MS_0124_ACCESO NORTE;-72.55317971;-38.69689585;15-05-2024;140.8;02-10-2024;-425;🔴 Atrasado (Prioridad Alta)
MS_0121_ACCESO NORTE;-72.5529427;-38.69982156;15-05-2024;140.8;02-10-2024;-425;🔴 Atrasado (Prioridad Alta)
MS_1197_LABRANZA UNO NORTE;-72.77195328;-38.75798534;01-04-2024;188.0;05-10-2024;-422;🔴 Atrasado (Prioridad Alta)
MS_1180_LABRANZA UNO NORTE;-72.77368931;-38.76591247;18-04-2024;172.1;07-10-2024;-420;🔴 Atrasado (Prioridad Alta)
MS_1113_LABRANZA ALTO;-72.75183729;-38.75662177;08-11-2023;334.6;07-10-2024;-420;🔴 Atrasado (Prioridad Alta)
MS_0738_NAHUELBUTA;-72.55975278;-38.71359444;30-07-2024;70.6;08-10-2024;-419;🔴 Atrasado (Prioridad Alta)
MS_0220_LAS ENCINAS;-72.63557778;-38.73769722;02-10-2023;372.5;08-10-2024;-419;🔴 Atrasado (Prioridad Alta)
MS_1148_LABRANZA ALTO;-72.76131202;-38.76169358;29-04-2024;166.6;12-10-2024;-415;🔴 Atrasado (Prioridad Alta)
MS_1135_LABRANZA ALTO;-72.77197927;-38.76120339;25-04-2024;171.3;13-10-2024;-414;🔴 Atrasado (Prioridad Alta)
MS_0438_MUSEO FERROVIARIO;-72.57510278;-38.723175;17-01-2023;635.1;13-10-2024;-414;🔴 Atrasado (Prioridad Alta)
MS_0769_NAHUELBUTA;-72.5581044;-38.71631404;29-07-2024;83.8;20-10-2024;-407;🔴 Atrasado (Prioridad Alta)
MS_0940_CERRO MARIPOSA;-72.60592541;-38.7219851;01-06-2023;509.5;22-10-2024;-405;🔴 Atrasado (Prioridad Alta)
MS_0407_RECABARREN;-72.63589316;-38.75492759;30-03-2023;577.6;27-10-2024;-400;🔴 Atrasado (Prioridad Alta)
MS_1272_JAVIERA CARRERA PONIENTE;-72.62523775;-38.7193963;05-04-2024;206.2;28-10-2024;-399;🔴 Atrasado (Prioridad Alta)
MS_1126_LABRANZA ALTO;-72.77320465;-38.76504822;25-04-2024;186.5;28-10-2024;-399;🔴 Atrasado (Prioridad Alta)
MS_0880_BORDE RIO;-72.63390418;-38.75857351;16-10-2024;12.6;28-10-2024;-399;🔴 Atrasado (Prioridad Alta)
MS_0932_CERRO MARIPOSA;-72.606646;-38.719853;19-01-2024;286.7;31-10-2024;-396;🔴 Atrasado (Prioridad Alta)
MS_0806_VALPARAISO;-72.56013056;-38.73253611;13-07-2022;841.1;31-10-2024;-396;🔴 Atrasado (Prioridad Alta)
MS_1133_LABRANZA ALTO;-72.76925278;-38.76306869;25-04-2024;190.6;01-11-2024;-395;🔴 Atrasado (Prioridad Alta)
MS_0323_SAN ANTONIO;-72.57306111;-38.737675;20-03-2023;595.6;04-11-2024;-392;🔴 Atrasado (Prioridad Alta)
MS_0829_5 SUR;-72.6085821;-38.74876788;17-01-2024;295.9;07-11-2024;-389;🔴 Atrasado (Prioridad Alta)
MS_0456_MUSEO FERROVIARIO;-72.56826667;-38.71852778;09-05-2023;548.4;07-11-2024;-389;🔴 Atrasado (Prioridad Alta)
MS_0800_VALPARAISO;-72.56765725;-38.73311397;08-09-2022;793.5;09-11-2024;-387;🔴 Atrasado (Prioridad Alta)
MS_0771_NAHUELBUTA;-72.55791396;-38.71680584;30-07-2024;102.2;09-11-2024;-387;🔴 Atrasado (Prioridad Alta)
MS_1150_LABRANZA ALTO;-72.75919718;-38.76081718;29-04-2024;197.5;12-11-2024;-384;🔴 Atrasado (Prioridad Alta)
MS_1149_LABRANZA ALTO;-72.76114465;-38.76078378;29-04-2024;197.5;12-11-2024;-384;🔴 Atrasado (Prioridad Alta)
MS_1196_LABRANZA UNO NORTE;-72.77249589;-38.75787574;01-04-2024;229.6;16-11-2024;-380;🔴 Atrasado (Prioridad Alta)
MS_0977_AMANECER;-72.626325;-38.75794722;07-06-2023;531.9;19-11-2024;-377;🔴 Atrasado (Prioridad Alta)
MS_0933_CERRO MARIPOSA;-72.606378;-38.721632;30-05-2023;539.3;19-11-2024;-377;🔴 Atrasado (Prioridad Alta)
MS_0830_5 SUR;-72.60871127;-38.75007049;16-01-2024;308.8;19-11-2024;-377;🔴 Atrasado (Prioridad Alta)
MS_0346_SAN ANTONIO;-72.57369762;-38.73562084;20-03-2023;611.6;20-11-2024;-376;🔴 Atrasado (Prioridad Alta)
MS_1125_LABRANZA ALTO;-72.77334412;-38.7656087;25-04-2024;210.5;21-11-2024;-375;🔴 Atrasado (Prioridad Alta)
MS_0325_SAN ANTONIO;-72.57985678;-38.74425148;28-07-2023;482.0;21-11-2024;-375;🔴 Atrasado (Prioridad Alta)
MS_0143_ACCESO NORTE;-72.53442723;-38.6985081;25-06-2024;151.7;23-11-2024;-373;🔴 Atrasado (Prioridad Alta)
MS_0839_5 SUR;-72.60959384;-38.74961592;26-05-2023;550.3;26-11-2024;-370;🔴 Atrasado (Prioridad Alta)
MS_0117_ACCESO NORTE;-72.55130592;-38.70119545;07-05-2024;203.1;26-11-2024;-370;🔴 Atrasado (Prioridad Alta)
MS_1128_LABRANZA ALTO;-72.77289351;-38.76383354;25-04-2024;215.9;26-11-2024;-370;🔴 Atrasado (Prioridad Alta)
MS_1152_LABRANZA ALTO;-72.75764265;-38.7615741;03-05-2024;213.0;02-12-2024;-364;🔴 Atrasado (Prioridad Alta)
MS_0189_ALEMANIA;-72.6158974;-38.7367516;29-07-2023;494.3;04-12-2024;-362;🔴 Atrasado (Prioridad Alta)
MS_1127_LABRANZA ALTO;-72.77182063;-38.76478721;25-04-2024;226.6;07-12-2024;-359;🔴 Atrasado (Prioridad Alta)
MS_0744_NAHUELBUTA;-72.56077093;-38.71908897;01-08-2023;499.5;12-12-2024;-354;🔴 Atrasado (Prioridad Alta)
MS_1123_LABRANZA ALTO;-72.77110168;-38.75815434;02-04-2024;255.2;13-12-2024;-353;🔴 Atrasado (Prioridad Alta)
MS_0436_MUSEO FERROVIARIO;-72.57245718;-38.72920008;05-10-2023;437.7;15-12-2024;-351;🔴 Atrasado (Prioridad Alta)
MS_0374_VILLA ALEGRE;-72.60393444;-38.72825332;30-06-2023;535.7;16-12-2024;-350;🔴 Atrasado (Prioridad Alta)
MS_1129_LABRANZA ALTO;-72.77205666;-38.76380007;25-04-2024;235.8;16-12-2024;-350;🔴 Atrasado (Prioridad Alta)
MS_0132_ACCESO NORTE;-72.55090266;-38.70953095;14-06-2024;187.7;18-12-2024;-348;🔴 Atrasado (Prioridad Alta)
MS_0402_RECABARREN;-72.6337634;-38.75465464;11-10-2024;68.2;18-12-2024;-348;🔴 Atrasado (Prioridad Alta)
MS_0409_RECABARREN;-72.63365765;-38.75281956;10-10-2024;71.2;20-12-2024;-346;🔴 Atrasado (Prioridad Alta)
MS_0118_ACCESO NORTE;-72.55261233;-38.70072565;07-05-2024;228.7;21-12-2024;-345;🔴 Atrasado (Prioridad Alta)
MS_1153_LABRANZA ALTO;-72.75659444;-38.76151387;03-05-2024;233.8;22-12-2024;-344;🔴 Atrasado (Prioridad Alta)
MS_0688_AQUELARRE;-72.62485032;-38.75054674;30-11-2023;388.7;22-12-2024;-344;🔴 Atrasado (Prioridad Alta)
MS_0416_RECABARREN;-72.63272836;-38.75462091;16-10-2024;70.8;25-12-2024;-341;🔴 Atrasado (Prioridad Alta)
MS_1131_LABRANZA ALTO;-72.77077778;-38.76370554;25-04-2024;249.8;30-12-2024;-336;🔴 Atrasado (Prioridad Alta)
MS_0998_AMANECER;-72.62486199;-38.75468685;08-08-2023;511.3;31-12-2024;-335;🔴 Atrasado (Prioridad Alta)
MS_1041_ALTO DEL BOSQUE;-72.74822345;-38.75757962;09-05-2024;237.3;01-01-2025;-334;🔴 Atrasado (Prioridad Alta)
MS_0913_CERRO MARIPOSA;-72.61417182;-38.7195251;13-11-2024;50.4;02-01-2025;-333;🔴 Atrasado (Prioridad Alta)
MS_1155_LABRANZA ALTO;-72.75537021;-38.75935944;03-05-2024;247.0;04-01-2025;-331;🔴 Atrasado (Prioridad Alta)
MS_1055_ALTO DEL BOSQUE;-72.74255991;-38.75836693;05-06-2024;214.2;05-01-2025;-330;🔴 Atrasado (Prioridad Alta)
MS_1151_LABRANZA ALTO;-72.7581512;-38.76062603;03-05-2024;249.1;07-01-2025;-328;🔴 Atrasado (Prioridad Alta)
MS_1124_LABRANZA ALTO;-72.77144259;-38.75912952;02-04-2024;283.8;10-01-2025;-325;🔴 Atrasado (Prioridad Alta)
MS_0362_VILLA ALEGRE;-72.61191944;-38.72339444;27-09-2022;837.8;11-01-2025;-324;🔴 Atrasado (Prioridad Alta)
MS_0810_VALPARAISO;-72.56680463;-38.73522806;12-09-2022;853.8;12-01-2025;-323;🔴 Atrasado (Prioridad Alta)
MS_0424_MUSEO FERROVIARIO;-72.57483322;-38.72674657;04-10-2023;473.9;19-01-2025;-316;🔴 Atrasado (Prioridad Alta)
MS_1154_LABRANZA ALTO;-72.75639435;-38.76084711;03-05-2024;266.9;24-01-2025;-311;🔴 Atrasado (Prioridad Alta)
MS_1268_JAVIERA CARRERA PONIENTE;-72.62773286;-38.72178895;01-04-2024;300.9;26-01-2025;-309;🔴 Atrasado (Prioridad Alta)
MS_1156_LABRANZA ALTO;-72.7556556;-38.76050099;03-05-2024;268.1;26-01-2025;-309;🔴 Atrasado (Prioridad Alta)
MS_1157_LABRANZA ALTO;-72.7549314;-38.76050517;03-05-2024;270.7;28-01-2025;-307;🔴 Atrasado (Prioridad Alta)
MS_0846_BORDE RIO;-72.63586014;-38.76058317;16-10-2024;106.6;30-01-2025;-305;🔴 Atrasado (Prioridad Alta)
MS_1121_LABRANZA ALTO;-72.75064108;-38.75951082;20-02-2024;346.4;31-01-2025;-304;🔴 Atrasado (Prioridad Alta)
MS_0654_RALUNCOYAN;-72.62503381;-38.71153374;07-06-2023;606.2;02-02-2025;-302;🔴 Atrasado (Prioridad Alta)
MS_1122_LABRANZA ALTO;-72.75259942;-38.76043635;09-05-2024;270.5;03-02-2025;-301;🔴 Atrasado (Prioridad Alta)
MS_1200_LABRANZA UNO NORTE;-72.77243393;-38.75893438;02-04-2024;309.5;05-02-2025;-299;🔴 Atrasado (Prioridad Alta)
MS_0814_VALPARAISO;-72.56719815;-38.73425199;09-09-2022;883.4;08-02-2025;-296;🔴 Atrasado (Prioridad Alta)
MS_0108_ACCESO NORTE;-72.55009794;-38.70841288;10-10-2023;491.3;12-02-2025;-292;🔴 Atrasado (Prioridad Alta)
MS_1160_LABRANZA ALTO;-72.75353819;-38.76100226;09-05-2024;282.1;15-02-2025;-289;🔴 Atrasado (Prioridad Alta)
MS_1161_LABRANZA ALTO;-72.75274962;-38.76096043;09-05-2024;282.1;15-02-2025;-289;🔴 Atrasado (Prioridad Alta)
MS_0877_BORDE RIO;-72.63593872;-38.75825675;21-10-2024;118.8;16-02-2025;-288;🔴 Atrasado (Prioridad Alta)
MS_0471_MUSEO FERROVIARIO;-72.572528;-38.723944;27-03-2023;692.1;16-02-2025;-288;🔴 Atrasado (Prioridad Alta)
MS_0878_BORDE RIO;-72.6344635;-38.75844602;23-10-2024;121.2;21-02-2025;-283;🔴 Atrasado (Prioridad Alta)
MS_1115_LABRANZA ALTO;-72.7676973;-38.76350206;25-04-2024;303.3;22-02-2025;-282;🔴 Atrasado (Prioridad Alta)
MS_0883_BORDE RIO;-72.63980351;-38.75824831;16-10-2024;130.2;23-02-2025;-281;🔴 Atrasado (Prioridad Alta)
MS_0112_ACCESO NORTE;-72.54822218;-38.70605539;10-10-2023;502.6;23-02-2025;-281;🔴 Atrasado (Prioridad Alta)
MS_1039_ALTO DEL BOSQUE;-72.74845227;-38.75840114;09-05-2024;293.3;26-02-2025;-278;🔴 Atrasado (Prioridad Alta)
MS_1112_LABRANZA ALTO;-72.75226012;-38.7593714;09-05-2024;294.0;27-02-2025;-277;🔴 Atrasado (Prioridad Alta)
MS_1159_LABRANZA ALTO;-72.75015056;-38.75814941;09-05-2024;296.9;01-03-2025;-275;🔴 Atrasado (Prioridad Alta)
MS_1158_LABRANZA ALTO;-72.75094449;-38.7581285;09-05-2024;296.9;01-03-2025;-275;🔴 Atrasado (Prioridad Alta)
MS_0478_MUSEO FERROVIARIO;-72.56374011;-38.72099879;03-05-2024;305.0;03-03-2025;-273;🔴 Atrasado (Prioridad Alta)
MS_0277_LAS ENCINAS;-72.66335929;-38.75260243;14-07-2022;965.1;05-03-2025;-271;🔴 Atrasado (Prioridad Alta)
MS_0279_LAS ENCINAS;-72.6625041;-38.75454791;14-07-2022;965.0;05-03-2025;-271;🔴 Atrasado (Prioridad Alta)
MS_0283_LAS ENCINAS;-72.66359926;-38.75369634;14-07-2022;965.0;05-03-2025;-271;🔴 Atrasado (Prioridad Alta)
MS_0273_LAS ENCINAS;-72.66039474;-38.75197387;14-07-2022;965.1;05-03-2025;-271;🔴 Atrasado (Prioridad Alta)
MS_0274_LAS ENCINAS;-72.66289277;-38.75140178;14-07-2022;965.1;05-03-2025;-271;🔴 Atrasado (Prioridad Alta)
MS_0275_LAS ENCINAS;-72.66083463;-38.7531456;14-07-2022;965.1;05-03-2025;-271;🔴 Atrasado (Prioridad Alta)
MS_0282_LAS ENCINAS;-72.66293184;-38.75383922;14-07-2022;965.0;05-03-2025;-271;🔴 Atrasado (Prioridad Alta)
MS_0281_LAS ENCINAS;-72.66210997;-38.75401988;14-07-2022;965.0;05-03-2025;-271;🔴 Atrasado (Prioridad Alta)
MS_0276_LAS ENCINAS;-72.66235883;-38.75283531;14-07-2022;965.1;05-03-2025;-271;🔴 Atrasado (Prioridad Alta)
MS_0770_NAHUELBUTA;-72.55867571;-38.71637891;03-09-2024;184.1;06-03-2025;-270;🔴 Atrasado (Prioridad Alta)
MS_0278_LAS ENCINAS;-72.66018142;-38.75087176;14-07-2022;966.1;06-03-2025;-270;🔴 Atrasado (Prioridad Alta)
MS_0739_NAHUELBUTA;-72.55934444;-38.7133;30-07-2024;219.4;06-03-2025;-270;🔴 Atrasado (Prioridad Alta)
MS_1057_ALTO DEL BOSQUE;-72.74306685;-38.75951938;06-06-2024;274.0;07-03-2025;-269;🔴 Atrasado (Prioridad Alta)
MS_0326_SAN ANTONIO;-72.57933016;-38.74329885;28-07-2023;589.9;08-03-2025;-268;🔴 Atrasado (Prioridad Alta)
MS_0884_BORDE RIO;-72.6320549;-38.75666963;08-11-2024;120.5;08-03-2025;-268;🔴 Atrasado (Prioridad Alta)
MS_0941_CERRO MARIPOSA;-72.61485501;-38.71477895;02-06-2023;646.1;09-03-2025;-267;🔴 Atrasado (Prioridad Alta)
MS_0742_NAHUELBUTA;-72.56285556;-38.72166944;02-08-2023;590.5;14-03-2025;-262;🔴 Atrasado (Prioridad Alta)
MS_1050_ALTO DEL BOSQUE;-72.74238288;-38.75678569;04-06-2024;285.2;16-03-2025;-260;🔴 Atrasado (Prioridad Alta)
MS_0843_BORDE RIO;-72.632707;-38.75501362;07-11-2024;130.4;17-03-2025;-259;🔴 Atrasado (Prioridad Alta)
MS_1109_CREADORES;-72.65811425;-38.71065352;24-10-2023;511.4;18-03-2025;-258;🔴 Atrasado (Prioridad Alta)
MS_0842_BORDE RIO;-72.63792442;-38.7579225;17-10-2024;153.6;19-03-2025;-257;🔴 Atrasado (Prioridad Alta)
MS_1058_ALTO DEL BOSQUE;-72.7438933;-38.75935781;06-06-2024;287.2;20-03-2025;-256;🔴 Atrasado (Prioridad Alta)
MS_0881_BORDE RIO;-72.63349112;-38.75903915;28-10-2024;145.1;22-03-2025;-254;🔴 Atrasado (Prioridad Alta)
MS_1120_LABRANZA ALTO;-72.75127683;-38.76095891;09-05-2024;320.7;25-03-2025;-251;🔴 Atrasado (Prioridad Alta)
MS_1018_ALTO DEL BOSQUE;-72.74623716;-38.75774199;29-05-2024;301.0;26-03-2025;-250;🔴 Atrasado (Prioridad Alta)
MS_0218_LAS ENCINAS;-72.63680434;-38.73899678;30-04-2024;331.2;27-03-2025;-249;🔴 Atrasado (Prioridad Alta)
MS_1063_ALTO DEL BOSQUE;-72.7421093;-38.76084331;06-06-2024;295.5;28-03-2025;-248;🔴 Atrasado (Prioridad Alta)
MS_0280_LAS ENCINAS;-72.66320863;-38.75466992;14-07-2022;988.1;28-03-2025;-248;🔴 Atrasado (Prioridad Alta)
MS_1017_ALTO DEL BOSQUE;-72.74654722;-38.75906389;29-05-2024;304.6;29-03-2025;-247;🔴 Atrasado (Prioridad Alta)
MS_0133_ACCESO NORTE;-72.5522957;-38.7077789;14-06-2024;291.0;31-03-2025;-245;🔴 Atrasado (Prioridad Alta)
MS_0876_BORDE RIO;-72.63543312;-38.75668597;06-11-2024;146.9;01-04-2025;-244;🔴 Atrasado (Prioridad Alta)
MS_0379_RECABARREN;-72.63317809;-38.75367784;10-10-2024;173.8;01-04-2025;-244;🔴 Atrasado (Prioridad Alta)
MS_0864_BORDE RIO;-72.63016618;-38.75492755;11-10-2024;173.6;02-04-2025;-243;🔴 Atrasado (Prioridad Alta)
MS_0432_MUSEO FERROVIARIO;-72.56854444;-38.72201667;11-09-2024;203.3;02-04-2025;-243;🔴 Atrasado (Prioridad Alta)
MS_0999_AMANECER;-72.61077518;-38.75452156;12-02-2024;419.1;06-04-2025;-239;🔴 Atrasado (Prioridad Alta)
MS_0755_NAHUELBUTA;-72.56056291;-38.71685464;02-10-2024;191.0;11-04-2025;-234;🔴 Atrasado (Prioridad Alta)
MS_1033_ALTO DEL BOSQUE;-72.74466119;-38.75757087;29-05-2024;319.7;13-04-2025;-232;🔴 Atrasado (Prioridad Alta)
MS_0443_MUSEO FERROVIARIO;-72.57682423;-38.72572899;03-10-2023;559.6;14-04-2025;-231;🔴 Atrasado (Prioridad Alta)
MS_0115_ACCESO NORTE;-72.55700816;-38.70692317;26-04-2024;353.3;14-04-2025;-231;🔴 Atrasado (Prioridad Alta)
MS_1056_ALTO DEL BOSQUE;-72.7416721;-38.75928513;05-06-2024;314.2;15-04-2025;-230;🔴 Atrasado (Prioridad Alta)
MS_0760_NAHUELBUTA;-72.56181716;-38.71494658;30-07-2024;259.6;15-04-2025;-230;🔴 Atrasado (Prioridad Alta)
MS_0852_BORDE RIO;-72.63657565;-38.76039173;16-10-2024;183.6;17-04-2025;-228;🔴 Atrasado (Prioridad Alta)
MS_0431_MUSEO FERROVIARIO;-72.5682;-38.72301944;11-09-2024;218.9;17-04-2025;-228;🔴 Atrasado (Prioridad Alta)
MS_0870_BORDE RIO;-72.64106288;-38.7579158;15-10-2024;185.3;18-04-2025;-227;🔴 Atrasado (Prioridad Alta)
MS_0203_LAS ENCINAS;-72.63973611;-38.73818056;14-03-2023;768.4;20-04-2025;-225;🔴 Atrasado (Prioridad Alta)
MS_0869_BORDE RIO;-72.64280912;-38.75826045;16-10-2024;187.0;21-04-2025;-224;🔴 Atrasado (Prioridad Alta)
MS_1001_AMANECER;-72.61973839;-38.75675801;16-02-2024;430.2;21-04-2025;-224;🔴 Atrasado (Prioridad Alta)
MS_0689_AQUELARRE;-72.62876759;-38.75473979;11-10-2024;193.1;22-04-2025;-223;🔴 Atrasado (Prioridad Alta)
MS_1107_CREADORES;-72.65674562;-38.71001301;07-08-2023;625.1;23-04-2025;-222;🔴 Atrasado (Prioridad Alta)
MS_0601_PRIETO SUR;-72.60310109;-38.74658124;02-05-2024;356.1;23-04-2025;-222;🔴 Atrasado (Prioridad Alta)
MS_0412_RECABARREN;-72.64705248;-38.75684034;21-03-2024;398.9;23-04-2025;-222;🔴 Atrasado (Prioridad Alta)
MS_1062_ALTO DEL BOSQUE;-72.74408877;-38.76129507;06-06-2024;323.5;25-04-2025;-220;🔴 Atrasado (Prioridad Alta)
MS_1002_AMANECER;-72.62095859;-38.7570381;16-02-2024;437.7;28-04-2025;-217;🔴 Atrasado (Prioridad Alta)
MS_0413_RECABARREN;-72.64913455;-38.75688714;22-03-2024;403.6;29-04-2025;-216;🔴 Atrasado (Prioridad Alta)
MS_0853_BORDE RIO;-72.6345818;-38.76084346;05-11-2024;177.0;30-04-2025;-215;🔴 Atrasado (Prioridad Alta)
MS_1053_ALTO DEL BOSQUE;-72.74038196;-38.7587225;05-06-2024;331.7;02-05-2025;-213;🔴 Atrasado (Prioridad Alta)
MS_1052_ALTO DEL BOSQUE;-72.73944855;-38.75863047;05-06-2024;334.1;05-05-2025;-210;🔴 Atrasado (Prioridad Alta)
MS_1054_ALTO DEL BOSQUE;-72.74127781;-38.75855518;05-06-2024;334.1;05-05-2025;-210;🔴 Atrasado (Prioridad Alta)
MS_1162_LABRANZA ALTO;-72.75183767;-38.75577544;09-05-2024;362.8;06-05-2025;-209;🔴 Atrasado (Prioridad Alta)
MS_0841_BORDE RIO;-72.63270833;-38.75881667;24-10-2024;195.6;07-05-2025;-208;🔴 Atrasado (Prioridad Alta)
MS_1034_ALTO DEL BOSQUE;-72.74334962;-38.76030256;05-06-2024;336.5;07-05-2025;-208;🔴 Atrasado (Prioridad Alta)
MS_1040_ALTO DEL BOSQUE;-72.74820038;-38.75614414;09-05-2024;364.8;08-05-2025;-207;🔴 Atrasado (Prioridad Alta)
MS_1060_ALTO DEL BOSQUE;-72.74454474;-38.76034135;06-06-2024;337.5;09-05-2025;-206;🔴 Atrasado (Prioridad Alta)
MS_0765_NAHUELBUTA;-72.55415332;-38.71395693;26-07-2024;287.5;09-05-2025;-206;🔴 Atrasado (Prioridad Alta)
MS_1016_ALTO DEL BOSQUE;-72.746525;-38.75998611;29-05-2024;345.6;09-05-2025;-206;🔴 Atrasado (Prioridad Alta)
MS_0931_CERRO MARIPOSA;-72.607759;-38.719016;14-03-2025;56.9;09-05-2025;-206;🔴 Atrasado (Prioridad Alta)
MS_1195_LABRANZA UNO NORTE;-72.77465279;-38.75746046;01-04-2024;405.1;11-05-2025;-204;🔴 Atrasado (Prioridad Alta)
MS_0398_RECABARREN;-72.6524283;-38.75708688;18-03-2024;419.5;11-05-2025;-204;🔴 Atrasado (Prioridad Alta)
MS_1000_AMANECER;-72.61736141;-38.75623675;14-02-2024;453.9;12-05-2025;-203;🔴 Atrasado (Prioridad Alta)
MS_0524_LOS RIOS;-72.55189776;-38.71954525;01-07-2024;316.6;13-05-2025;-202;🔴 Atrasado (Prioridad Alta)
MS_1194_LABRANZA UNO NORTE;-72.77544962;-38.75731737;01-04-2024;408.9;14-05-2025;-201;🔴 Atrasado (Prioridad Alta)
MS_0622_INDUSTRIAL;-72.64980912;-38.75737134;09-07-2024;310.1;15-05-2025;-200;🔴 Atrasado (Prioridad Alta)
MS_1042_ALTO DEL BOSQUE;-72.74537499;-38.75754386;29-05-2024;353.8;17-05-2025;-198;🔴 Atrasado (Prioridad Alta)
MS_0389_RECABARREN;-72.653474;-38.756539;19-03-2024;424.7;17-05-2025;-198;🔴 Atrasado (Prioridad Alta)
MS_1059_ALTO DEL BOSQUE;-72.74187058;-38.75998997;06-06-2024;348.5;20-05-2025;-195;🔴 Atrasado (Prioridad Alta)
MS_1208_LABRANZA UNO NORTE;-72.77260659;-38.76096789;08-04-2024;408.4;21-05-2025;-194;🔴 Atrasado (Prioridad Alta)
MS_1015_ALTO DEL BOSQUE;-72.74663431;-38.76072843;29-05-2024;357.2;21-05-2025;-194;🔴 Atrasado (Prioridad Alta)
MS_0099_ACCESO NORTE;-72.54268931;-38.70272019;13-10-2023;587.6;22-05-2025;-193;🔴 Atrasado (Prioridad Alta)
MS_0971_JAVIERA CARRERA ORIENTE;-72.61877086;-38.72155445;09-11-2023;560.1;22-05-2025;-193;🔴 Atrasado (Prioridad Alta)
MS_0887_COSTANERA;-72.54489722;-38.70998889;24-03-2023;792.7;24-05-2025;-191;🔴 Atrasado (Prioridad Alta)
MS_1199_LABRANZA UNO NORTE;-72.77387186;-38.75853803;02-04-2024;418.7;25-05-2025;-190;🔴 Atrasado (Prioridad Alta)
MS_0505_LOS RIOS;-72.55586667;-38.72183889;04-07-2024;325.7;25-05-2025;-190;🔴 Atrasado (Prioridad Alta)
MS_0815_VALPARAISO;-72.56605328;-38.7339085;13-09-2022;986.8;26-05-2025;-189;🔴 Atrasado (Prioridad Alta)
MS_0382_RECABARREN;-72.64189626;-38.75642887;09-10-2024;229.6;26-05-2025;-189;🔴 Atrasado (Prioridad Alta)
MS_1049_ALTO DEL BOSQUE;-72.74122266;-38.75774783;04-06-2024;358.4;28-05-2025;-187;🔴 Atrasado (Prioridad Alta)
MS_1044_ALTO DEL BOSQUE;-72.74508523;-38.7584946;29-05-2024;365.4;29-05-2025;-186;🔴 Atrasado (Prioridad Alta)
MS_0116_ACCESO NORTE;-72.54405221;-38.70325773;12-10-2023;595.2;29-05-2025;-186;🔴 Atrasado (Prioridad Alta)
MS_0415_RECABARREN;-72.64289144;-38.75458044;09-10-2024;235.5;01-06-2025;-183;🔴 Atrasado (Prioridad Alta)
MS_1038_ALTO DEL BOSQUE;-72.74865077;-38.75922941;09-05-2024;390.3;03-06-2025;-181;🔴 Atrasado (Prioridad Alta)
MS_0717_NAHUELBUTA;-72.55769877;-38.71736894;05-09-2024;275.9;07-06-2025;-177;🔴 Atrasado (Prioridad Alta)
MS_0743_NAHUELBUTA;-72.56401535;-38.71980202;10-05-2024;394.9;08-06-2025;-176;🔴 Atrasado (Prioridad Alta)
MS_1248_LABRANZA UNO NORTE;-72.76271939;-38.76711752;24-04-2024;413.8;11-06-2025;-173;🔴 Atrasado (Prioridad Alta)
MS_1264_JAVIERA CARRERA PONIENTE;-72.6271404;-38.72312745;28-03-2024;440.2;11-06-2025;-173;🔴 Atrasado (Prioridad Alta)
MS_0525_LOS RIOS;-72.55396038;-38.72011028;01-07-2024;350.7;16-06-2025;-168;🔴 Atrasado (Prioridad Alta)
MS_0496_LOS RIOS;-72.55927778;-38.72658333;07-01-2023;891.8;16-06-2025;-168;🔴 Atrasado (Prioridad Alta)
MS_0528_LOS RIOS;-72.55260587;-38.7209599;01-07-2024;352.2;18-06-2025;-166;🔴 Atrasado (Prioridad Alta)
MS_1061_ALTO DEL BOSQUE;-72.74388291;-38.7605105;06-06-2024;378.2;19-06-2025;-165;🔴 Atrasado (Prioridad Alta)
MS_0414_RECABARREN;-72.65032813;-38.75696871;22-03-2024;457.0;21-06-2025;-163;🔴 Atrasado (Prioridad Alta)
MS_1043_ALTO DEL BOSQUE;-72.74555677;-38.75830176;29-05-2024;388.4;21-06-2025;-163;🔴 Atrasado (Prioridad Alta)
MS_1010_BOTROLHUE;-72.73810655;-38.75744226;04-06-2024;383.4;22-06-2025;-162;🔴 Atrasado (Prioridad Alta)
MS_1263_JAVIERA CARRERA PONIENTE;-72.626044;-38.723727;25-03-2024;456.3;24-06-2025;-160;🔴 Atrasado (Prioridad Alta)
MS_1048_ALTO DEL BOSQUE;-72.73918569;-38.75787751;04-06-2024;385.1;24-06-2025;-160;🔴 Atrasado (Prioridad Alta)
MS_0299_SAN ANTONIO;-72.58680506;-38.74545382;05-03-2025;112.7;25-06-2025;-159;🔴 Atrasado (Prioridad Alta)
MS_1009_BOTROLHUE;-72.73761302;-38.75754684;04-06-2024;387.6;26-06-2025;-158;🔴 Atrasado (Prioridad Alta)
MS_0768_NAHUELBUTA;-72.55577609;-38.71480671;29-07-2024;332.6;26-06-2025;-158;🔴 Atrasado (Prioridad Alta)
MS_0144_ACCESO NORTE;-72.55347005;-38.71297529;26-07-2024;335.6;26-06-2025;-158;🔴 Atrasado (Prioridad Alta)
MS_0720_NAHUELBUTA;-72.56429167;-38.71856389;10-05-2024;414.5;28-06-2025;-156;🔴 Atrasado (Prioridad Alta)
MS_0383_RECABARREN;-72.64179971;-38.75488785;09-10-2024;263.9;29-06-2025;-155;🔴 Atrasado (Prioridad Alta)
MS_0347_SAN ANTONIO;-72.58207273;-38.73950762;22-03-2023;831.9;30-06-2025;-154;🔴 Atrasado (Prioridad Alta)
MS_0352_SAN ANTONIO;-72.58103112;-38.74505505;28-07-2023;705.8;02-07-2025;-152;🔴 Atrasado (Prioridad Alta)
MS_0845_BORDE RIO;-72.63425833;-38.75934167;22-10-2024;253.5;02-07-2025;-152;🔴 Atrasado (Prioridad Alta)
MS_0623_INDUSTRIAL;-72.64227894;-38.75693203;16-10-2024;260.5;03-07-2025;-151;🔴 Atrasado (Prioridad Alta)
MS_1047_ALTO DEL BOSQUE;-72.7389121;-38.75710362;04-06-2024;394.4;03-07-2025;-151;🔴 Atrasado (Prioridad Alta)
MS_0411_RECABARREN;-72.65361993;-38.75719251;19-03-2024;473.7;05-07-2025;-149;🔴 Atrasado (Prioridad Alta)
MS_1198_LABRANZA UNO NORTE;-72.77511319;-38.75831779;02-04-2024;462.4;08-07-2025;-146;🔴 Atrasado (Prioridad Alta)
MS_1007_BOTROLHUE;-72.7377022;-38.75649267;04-06-2024;399.1;08-07-2025;-146;🔴 Atrasado (Prioridad Alta)
MS_1008_BOTROLHUE;-72.73793824;-38.75693609;04-06-2024;402.5;11-07-2025;-143;🔴 Atrasado (Prioridad Alta)
MS_0065_ESTADIO;-72.61433196;-38.74212668;19-04-2024;449.0;12-07-2025;-142;🔴 Atrasado (Prioridad Alta)
MS_0817_VALPARAISO;-72.56848201;-38.73120538;17-08-2023;696.5;13-07-2025;-141;🔴 Atrasado (Prioridad Alta)
MS_0997_AMANECER;-72.61327575;-38.75655054;13-02-2024;516.5;13-07-2025;-141;🔴 Atrasado (Prioridad Alta)
MS_0540_LOS RIOS;-72.55437673;-38.71659474;04-07-2024;375.6;14-07-2025;-140;🔴 Atrasado (Prioridad Alta)
MS_1006_BOTROLHUE;-72.73692637;-38.75619984;04-06-2024;406.5;15-07-2025;-139;🔴 Atrasado (Prioridad Alta)
MS_1005_BOTROLHUE;-72.73569256;-38.75624168;04-06-2024;406.5;15-07-2025;-139;🔴 Atrasado (Prioridad Alta)
MS_0523_LOS RIOS;-72.55197459;-38.71705852;01-07-2024;379.0;15-07-2025;-139;🔴 Atrasado (Prioridad Alta)
MS_0145_ACCESO NORTE;-72.55418621;-38.71238864;26-07-2024;356.2;17-07-2025;-137;🔴 Atrasado (Prioridad Alta)
MS_0516_LOS RIOS;-72.55270011;-38.7169298;01-07-2024;382.5;18-07-2025;-136;🔴 Atrasado (Prioridad Alta)
MS_0918_CERRO MARIPOSA;-72.60612367;-38.72485915;26-02-2025;142.6;18-07-2025;-136;🔴 Atrasado (Prioridad Alta)
MS_0718_NAHUELBUTA;-72.55544693;-38.71614849;27-02-2024;509.5;20-07-2025;-134;🔴 Atrasado (Prioridad Alta)
MS_0219_LAS ENCINAS;-72.63603732;-38.73914911;30-01-2024;540.0;22-07-2025;-132;🔴 Atrasado (Prioridad Alta)
MS_0556_CAUPOLICAN;-72.58593793;-38.73180159;25-09-2023;667.2;23-07-2025;-131;🔴 Atrasado (Prioridad Alta)
MS_0305_SAN ANTONIO;-72.58336111;-38.74158611;24-07-2023;731.8;24-07-2025;-130;🔴 Atrasado (Prioridad Alta)
MS_0526_LOS RIOS;-72.55428761;-38.72095572;01-07-2024;389.3;25-07-2025;-129;🔴 Atrasado (Prioridad Alta)
MS_0690_AQUELARRE;-72.62872437;-38.74777904;22-05-2025;64.3;25-07-2025;-129;🔴 Atrasado (Prioridad Alta)
MS_0146_ACCESO NORTE;-72.55383951;-38.71372253;26-07-2024;366.6;27-07-2025;-127;🔴 Atrasado (Prioridad Alta)
MS_1108_CREADORES;-72.66237456;-38.71332252;22-10-2023;645.1;28-07-2025;-126;🔴 Atrasado (Prioridad Alta)
MS_0515_LOS RIOS;-72.5521921;-38.71843998;01-07-2024;392.7;28-07-2025;-126;🔴 Atrasado (Prioridad Alta)
MS_1221_LABRANZA UNO NORTE;-72.77391761;-38.76367723;12-04-2024;473.7;29-07-2025;-125;🔴 Atrasado (Prioridad Alta)
MS_0507_LOS RIOS;-72.55352944;-38.71918607;01-07-2024;393.1;29-07-2025;-125;🔴 Atrasado (Prioridad Alta)
MS_0353_SAN ANTONIO;-72.58435778;-38.74707433;30-01-2025;182.8;31-07-2025;-123;🔴 Atrasado (Prioridad Alta)
MS_0512_LOS RIOS;-72.55451828;-38.72158979;01-07-2024;395.1;31-07-2025;-123;🔴 Atrasado (Prioridad Alta)
MS_0286_LAS ENCINAS;-72.63781125;-38.73814064;17-05-2024;440.0;31-07-2025;-123;🔴 Atrasado (Prioridad Alta)
MS_0919_CERRO MARIPOSA;-72.61288889;-38.71715833;14-11-2024;259.8;31-07-2025;-123;🔴 Atrasado (Prioridad Alta)
MS_0522_LOS RIOS;-72.55318158;-38.71821205;01-07-2024;397.0;01-08-2025;-122;🔴 Atrasado (Prioridad Alta)
MS_0762_NAHUELBUTA;-72.55912246;-38.71238875;30-07-2024;368.1;02-08-2025;-121;🔴 Atrasado (Prioridad Alta)
MS_0511_LOS RIOS;-72.55507392;-38.71984555;04-07-2024;396.0;03-08-2025;-120;🔴 Atrasado (Prioridad Alta)
MS_0862_BORDE RIO;-72.63565833;-38.75993333;16-10-2024;293.3;05-08-2025;-118;🔴 Atrasado (Prioridad Alta)
MS_1219_LABRANZA UNO NORTE;-72.77416974;-38.76274654;12-04-2024;480.2;05-08-2025;-118;🔴 Atrasado (Prioridad Alta)
MS_0157_ALEMANIA;-72.61672982;-38.73856859;02-01-2025;215.3;05-08-2025;-118;🔴 Atrasado (Prioridad Alta)
MS_1046_ALTO DEL BOSQUE;-72.73999572;-38.75628789;04-06-2024;429.7;07-08-2025;-116;🔴 Atrasado (Prioridad Alta)
MS_0749_NAHUELBUTA;-72.55449385;-38.71470929;29-07-2024;378.8;11-08-2025;-112;🔴 Atrasado (Prioridad Alta)
MS_1213_LABRANZA UNO NORTE;-72.7726656;-38.76167481;11-04-2024;488.0;11-08-2025;-112;🔴 Atrasado (Prioridad Alta)
MS_1045_ALTO DEL BOSQUE;-72.73872435;-38.7565598;04-06-2024;434.0;11-08-2025;-112;🔴 Atrasado (Prioridad Alta)
MS_0518_LOS RIOS;-72.55390878;-38.71718537;04-07-2024;405.9;13-08-2025;-110;🔴 Atrasado (Prioridad Alta)
MS_1037_ALTO DEL BOSQUE;-72.74905938;-38.76009269;09-05-2024;461.7;13-08-2025;-110;🔴 Atrasado (Prioridad Alta)
MS_0529_LOS RIOS;-72.54974299;-38.71784121;01-07-2024;409.9;14-08-2025;-109;🔴 Atrasado (Prioridad Alta)
MS_0871_BORDE RIO;-72.63625025;-38.75976649;16-10-2024;303.2;15-08-2025;-108;🔴 Atrasado (Prioridad Alta)
MS_1240_LABRANZA UNO NORTE;-72.76384324;-38.7673415;23-04-2024;479.5;15-08-2025;-108;🔴 Atrasado (Prioridad Alta)
MS_0939_CERRO MARIPOSA;-72.60870842;-38.72033639;17-03-2025;153.7;17-08-2025;-106;🔴 Atrasado (Prioridad Alta)
MS_1087_CREADORES;-72.65119759;-38.71215838;05-03-2024;530.4;17-08-2025;-106;🔴 Atrasado (Prioridad Alta)
MS_0083_ESTADIO;-72.62849441;-38.74466964;22-05-2024;455.2;20-08-2025;-103;🔴 Atrasado (Prioridad Alta)
MS_0879_BORDE RIO;-72.63434605;-38.75993321;16-10-2024;310.4;22-08-2025;-101;🔴 Atrasado (Prioridad Alta)
MS_1247_LABRANZA UNO NORTE;-72.76489198;-38.76752323;24-04-2024;485.8;22-08-2025;-101;🔴 Atrasado (Prioridad Alta)
MS_1218_LABRANZA UNO NORTE;-72.77519971;-38.76279883;12-04-2024;499.9;24-08-2025;-99;🔴 Atrasado (Prioridad Alta)
MS_1100_CREADORES;-72.64578819;-38.71369968;07-03-2024;535.9;24-08-2025;-99;🔴 Atrasado (Prioridad Alta)
MS_0490_MUSEO FERROVIARIO;-72.57088442;-38.73003417;16-10-2023;681.6;27-08-2025;-96;🔴 Atrasado (Prioridad Alta)
MS_1220_LABRANZA UNO NORTE;-72.77550059;-38.76330923;12-04-2024;503.4;28-08-2025;-95;🔴 Atrasado (Prioridad Alta)
MS_0723_NAHUELBUTA;-72.56049858;-38.71586831;22-11-2024;279.0;28-08-2025;-95;🔴 Atrasado (Prioridad Alta)
MS_1020_ALTO DEL BOSQUE;-72.74912337;-38.76073054;09-05-2024;477.6;29-08-2025;-94;🔴 Atrasado (Prioridad Alta)
MS_1085_CREADORES;-72.64734722;-38.71330833;07-03-2024;541.7;30-08-2025;-93;🔴 Atrasado (Prioridad Alta)
MS_1193_LABRANZA UNO NORTE;-72.77330813;-38.75767728;27-06-2024;430.2;31-08-2025;-92;🔴 Atrasado (Prioridad Alta)
MS_0790_VALPARAISO;-72.56485833;-38.73589722;07-06-2024;451.2;01-09-2025;-91;🔴 Atrasado (Prioridad Alta)
MS_1032_ALTO DEL BOSQUE;-72.74068236;-38.75614984;04-06-2024;455.2;02-09-2025;-90;🔴 Atrasado (Prioridad Alta)
MS_0517_LOS RIOS;-72.5552949;-38.71844769;04-07-2024;426.7;03-09-2025;-89;🔴 Atrasado (Prioridad Alta)
MS_0754_NAHUELBUTA;-72.56117821;-38.71752732;01-10-2024;337.3;03-09-2025;-89;🔴 Atrasado (Prioridad Alta)
MS_0614_INDUSTRIAL;-72.64936265;-38.76158519;05-03-2024;548.5;04-09-2025;-88;🔴 Atrasado (Prioridad Alta)
MS_1201_LABRANZA UNO NORTE;-72.77524113;-38.75939389;03-04-2024;524.8;09-09-2025;-83;🔴 Atrasado (Prioridad Alta)
MS_0419_MUSEO FERROVIARIO;-72.57496389;-38.72774722;05-09-2024;378.0;18-09-2025;-74;🔴 Atrasado (Prioridad Alta)
MS_0344_SAN ANTONIO;-72.58045494;-38.7423672;28-07-2023;783.9;18-09-2025;-74;🔴 Atrasado (Prioridad Alta)
MS_0296_SAN ANTONIO;-72.58518215;-38.74784569;28-01-2025;238.0;22-09-2025;-70;🔴 Atrasado (Prioridad Alta)
MS_0461_MUSEO FERROVIARIO;-72.56870539;-38.72058461;11-09-2024;377.1;23-09-2025;-69;🔴 Atrasado (Prioridad Alta)
MS_0497_LOS RIOS;-72.55971909;-38.72726691;06-01-2023;991.5;23-09-2025;-69;🔴 Atrasado (Prioridad Alta)
MS_0349_SAN ANTONIO;-72.58659269;-38.74478152;24-06-2023;825.3;26-09-2025;-66;🔴 Atrasado (Prioridad Alta)
MS_0142_ACCESO NORTE;-72.52878242;-38.69323986;21-06-2024;465.5;29-09-2025;-63;🔴 Atrasado (Prioridad Alta)
MS_0141_ACCESO NORTE;-72.52852791;-38.69394271;21-06-2024;465.5;29-09-2025;-63;🔴 Atrasado (Prioridad Alta)
MS_0140_ACCESO NORTE;-72.52811284;-38.69504145;21-06-2024;465.5;29-09-2025;-63;🔴 Atrasado (Prioridad Alta)
MS_1101_CREADORES;-72.65078882;-38.71100684;04-03-2024;575.3;30-09-2025;-62;🔴 Atrasado (Prioridad Alta)
MS_0401_RECABARREN;-72.63831667;-38.75323382;15-01-2024;625.2;01-10-2025;-61;🔴 Atrasado (Prioridad Alta)
MS_0410_RECABARREN;-72.63762078;-38.75291401;15-01-2024;625.4;01-10-2025;-61;🔴 Atrasado (Prioridad Alta)
MS_1214_LABRANZA UNO NORTE;-72.77359901;-38.76147654;11-04-2024;540.3;03-10-2025;-59;🔴 Atrasado (Prioridad Alta)
MS_0713_ESTACION;-72.58773921;-38.7331068;25-04-2025;161.8;03-10-2025;-59;🔴 Atrasado (Prioridad Alta)
MS_1215_LABRANZA UNO NORTE;-72.77462727;-38.76131295;11-04-2024;541.1;04-10-2025;-58;🔴 Atrasado (Prioridad Alta)
MS_0462_MUSEO FERROVIARIO;-72.57074172;-38.71994608;29-05-2024;503.5;14-10-2025;-48;🔴 Atrasado (Prioridad Alta)
MS_0492_MUSEO FERROVIARIO;-72.57346271;-38.72388245;12-09-2024;399.8;16-10-2025;-46;🔴 Atrasado (Prioridad Alta)
MS_0183_ALEMANIA;-72.61453206;-38.73212645;12-06-2024;493.3;18-10-2025;-44;🔴 Atrasado (Prioridad Alta)
MS_0545_CAUPOLICAN;-72.59302375;-38.7323459;29-06-2023;844.4;20-10-2025;-42;🔴 Atrasado (Prioridad Alta)
MS_0488_MUSEO FERROVIARIO;-72.56211724;-38.72483172;14-05-2024;525.9;21-10-2025;-41;🔴 Atrasado (Prioridad Alta)
MS_0451_MUSEO FERROVIARIO;-72.57192545;-38.7307223;17-01-2024;644.7;22-10-2025;-40;🔴 Atrasado (Prioridad Alta)
MS_0136_ACCESO NORTE;-72.5293147;-38.69178105;19-06-2024;493.5;25-10-2025;-37;🔴 Atrasado (Prioridad Alta)
MS_0139_ACCESO NORTE;-72.52730101;-38.69488161;19-06-2024;493.5;25-10-2025;-37;🔴 Atrasado (Prioridad Alta)
MS_0138_ACCESO NORTE;-72.52819794;-38.69270065;19-06-2024;493.5;25-10-2025;-37;🔴 Atrasado (Prioridad Alta)
MS_1271_JAVIERA CARRERA PONIENTE;-72.62685156;-38.72142137;27-03-2024;577.5;25-10-2025;-37;🔴 Atrasado (Prioridad Alta)
MS_0137_ACCESO NORTE;-72.52850494;-38.69162158;19-06-2024;493.5;25-10-2025;-37;🔴 Atrasado (Prioridad Alta)
MS_0084_ESTADIO;-72.62911883;-38.74609384;23-05-2024;521.8;26-10-2025;-36;🔴 Atrasado (Prioridad Alta)
MS_0937_CERRO MARIPOSA;-72.60798218;-38.72351306;25-02-2025;244.7;27-10-2025;-35;🔴 Atrasado (Prioridad Alta)
MS_1086_CREADORES;-72.64886389;-38.71291111;06-03-2024;600.2;27-10-2025;-35;🔴 Atrasado (Prioridad Alta)
MS_0090_ESTADIO;-72.61406205;-38.74129127;30-04-2025;181.9;28-10-2025;-34;🔴 Atrasado (Prioridad Alta)
MS_0624_INDUSTRIAL;-72.65655383;-38.75758031;08-05-2025;176.8;31-10-2025;-31;🔴 Atrasado (Prioridad Alta)
MS_0831_5 SUR;-72.60549433;-38.74994892;06-05-2024;543.0;31-10-2025;-31;🔴 Atrasado (Prioridad Alta)
MS_1216_LABRANZA UNO NORTE;-72.77829438;-38.76297335;12-04-2024;569.6;02-11-2025;-29;🔴 Atrasado (Prioridad Alta)
MS_1217_LABRANZA UNO NORTE;-72.77719468;-38.76291688;12-04-2024;569.6;02-11-2025;-29;🔴 Atrasado (Prioridad Alta)
MS_1210_LABRANZA UNO NORTE;-72.77770489;-38.76292536;12-04-2024;569.6;02-11-2025;-29;🔴 Atrasado (Prioridad Alta)
MS_0813_VALPARAISO;-72.56799648;-38.73225665;25-04-2024;557.1;03-11-2025;-28;🔴 Atrasado (Prioridad Alta)
MS_0559_PRIETO SUR;-72.58786125;-38.73347923;25-04-2025;196.3;07-11-2025;-24;🔴 Atrasado (Prioridad Alta)
MS_0085_ESTADIO;-72.62951902;-38.74731384;23-05-2024;534.0;08-11-2025;-23;🔴 Atrasado (Prioridad Alta)
MS_0439_MUSEO FERROVIARIO;-72.57646667;-38.72346389;13-09-2024;421.8;08-11-2025;-23;🔴 Atrasado (Prioridad Alta)
MS_0908_COSTANERA;-72.54617242;-38.70870679;24-03-2023;961.4;09-11-2025;-22;🔴 Atrasado (Prioridad Alta)
MS_1207_LABRANZA UNO NORTE;-72.77356146;-38.76081897;04-04-2024;584.8;09-11-2025;-22;🔴 Atrasado (Prioridad Alta)
MS_0354_SAN ANTONIO;-72.58573682;-38.74779237;29-01-2025;286.2;11-11-2025;-20;🔴 Atrasado (Prioridad Alta)
MS_0190_ALEMANIA;-72.61923465;-38.73507449;23-09-2023;781.9;12-11-2025;-19;🔴 Atrasado (Prioridad Alta)
MS_0538_LOS RIOS;-72.55639001;-38.73067543;03-07-2024;498.8;13-11-2025;-18;🔴 Atrasado (Prioridad Alta)
MS_0666_RALUNCOYAN;-72.6269066;-38.71220415;10-04-2024;585.0;16-11-2025;-15;🔴 Atrasado (Prioridad Alta)
MS_0457_MUSEO FERROVIARIO;-72.56805863;-38.72755065;31-05-2024;539.4;21-11-2025;-10;🔴 Atrasado (Prioridad Alta)
MS_0942_CERRO MARIPOSA;-72.60679893;-38.72371913;03-03-2025;264.1;22-11-2025;-9;🔴 Atrasado (Prioridad Alta)
MS_0904_COSTANERA;-72.54272268;-38.70488082;30-01-2023;1031.7;26-11-2025;-5;🔴 Atrasado (Prioridad Alta)
MS_0903_COSTANERA;-72.54129299;-38.70644419;30-01-2023;1031.7;26-11-2025;-5;🔴 Atrasado (Prioridad Alta)
MS_0906_COSTANERA;-72.54214576;-38.70408535;31-01-2023;1031.7;27-11-2025;-4;🔴 Atrasado (Prioridad Alta)
MS_0613_INDUSTRIAL;-72.65381373;-38.7599866;19-05-2025;192.6;27-11-2025;-4;🔴 Atrasado (Prioridad Alta)
MS_0907_COSTANERA;-72.5405309;-38.70595954;31-01-2023;1031.7;27-11-2025;-4;🔴 Atrasado (Prioridad Alta)
MS_0334_SAN ANTONIO;-72.58265278;-38.74184444;24-07-2023;857.5;27-11-2025;-4;🔴 Atrasado (Prioridad Alta)
MS_0602_PRIETO SUR;-72.60315478;-38.75104189;06-05-2024;571.8;28-11-2025;-3;🔴 Atrasado (Prioridad Alta)
MS_1021_ALTO DEL BOSQUE;-72.74787129;-38.76175749;11-10-2024;415.6;30-11-2025;-1;🔴 Atrasado (Prioridad Alta)
MS_1064_ALTO DEL BOSQUE;-72.74124563;-38.76107756;06-06-2024;548.6;06-12-2025;5;🟡 Próximo (Semana entrante)
MS_0979_AMANECER;-72.62606944;-38.75955833;07-06-2023;916.8;09-12-2025;8;🟢 A tiempo
MS_1065_ALTO DEL BOSQUE;-72.74024785;-38.76078475;06-06-2024;551.9;09-12-2025;8;🟢 A tiempo
MS_0521_LOS RIOS;-72.56075235;-38.72425073;17-04-2024;602.1;10-12-2025;9;🟢 A tiempo
MS_0596_PRIETO SUR;-72.6009706;-38.74756448;17-08-2022;1213.8;12-12-2025;11;🟢 A tiempo
MS_0539_LOS RIOS;-72.55806102;-38.72979411;03-07-2024;528.2;13-12-2025;12;🟢 A tiempo
MS_0921_CERRO MARIPOSA;-72.6048;-38.72425;19-03-2025;273.9;17-12-2025;16;🟢 A tiempo
MS_0989_AMANECER;-72.62064908;-38.75906751;06-11-2023;772.8;17-12-2025;16;🟢 A tiempo
MS_0785_VALPARAISO;-72.56896389;-38.73345556;20-01-2025;332.6;18-12-2025;17;🟢 A tiempo
MS_0350_SAN ANTONIO;-72.58373177;-38.74473214;26-07-2023;877.1;19-12-2025;18;🟢 A tiempo
MS_0351_SAN ANTONIO;-72.58154011;-38.74565117;27-07-2023;876.6;19-12-2025;18;🟢 A tiempo
MS_0147_ACCESO NORTE;-72.54871376;-38.70504667;10-07-2025;169.5;26-12-2025;25;🟢 A tiempo
MS_1212_LABRANZA UNO NORTE;-72.77335761;-38.76238005;11-04-2024;624.8;26-12-2025;25;🟢 A tiempo
MS_0786_VALPARAISO;-72.56816667;-38.73548333;17-01-2025;343.6;26-12-2025;25;🟢 A tiempo
MS_0789_VALPARAISO;-72.56779167;-38.736475;16-01-2025;345.5;27-12-2025;26;🟢 A tiempo
MS_0532_LOS RIOS;-72.55532682;-38.7285162;02-07-2024;543.8;27-12-2025;26;🟢 A tiempo
MS_0479_MUSEO FERROVIARIO;-72.56904189;-38.7243071;30-05-2024;577.4;28-12-2025;27;🟢 A tiempo
MS_0519_LOS RIOS;-72.56128714;-38.72465396;16-04-2024;623.9;30-12-2025;29;🟢 A tiempo
MS_0902_COSTANERA;-72.54007584;-38.70776416;30-01-2023;1066.7;31-12-2025;30;🟢 A tiempo
MS_0740_NAHUELBUTA;-72.5586271;-38.71273951;30-07-2024;519.6;31-12-2025;30;🟢 A tiempo
MS_0943_CERRO MARIPOSA;-72.61048602;-38.71897459;17-03-2025;289.5;31-12-2025;30;🟢 A tiempo
MS_0724_NAHUELBUTA;-72.56131726;-38.71587128;25-11-2024;402.8;01-01-2026;31;🟢 A tiempo
MS_0905_COSTANERA;-72.53919465;-38.70746607;31-01-2023;1069.2;04-01-2026;34;🟢 A tiempo
MS_0609_INDUSTRIAL;-72.65427724;-38.75772656;13-05-2025;236.6;04-01-2026;34;🟢 A tiempo
MS_0534_LOS RIOS;-72.55985856;-38.72939702;02-07-2024;556.7;09-01-2026;39;🟢 A tiempo
MS_0922_CERRO MARIPOSA;-72.603033;-38.725133;19-03-2025;297.4;10-01-2026;40;🟢 A tiempo
MS_0301_SAN ANTONIO;-72.58199761;-38.74609321;27-07-2023;898.5;10-01-2026;40;🟢 A tiempo
MS_1147_LABRANZA ALTO;-72.7627279;-38.76220867;07-10-2024;460.4;10-01-2026;40;🟢 A tiempo
MS_0960_JAVIERA CARRERA ORIENTE;-72.62027778;-38.72273611;04-09-2023;860.1;11-01-2026;41;🟢 A tiempo
MS_1202_LABRANZA UNO NORTE;-72.77433106;-38.75961078;03-04-2024;651.0;14-01-2026;44;🟢 A tiempo
MS_0148_ACCESO NORTE;-72.55037699;-38.70696689;14-07-2025;185.4;15-01-2026;45;🟢 A tiempo
MS_0378_RECABARREN;-72.65412593;-38.7572305;19-03-2024;668.4;16-01-2026;46;🟢 A tiempo
MS_0495_LOS RIOS;-72.55455556;-38.71771389;04-07-2024;563.7;18-01-2026;48;🟢 A tiempo
MS_0321_SAN ANTONIO;-72.58706902;-38.74786494;29-01-2025;355.7;19-01-2026;49;🟢 A tiempo
MS_0874_BORDE RIO;-72.63688624;-38.75865557;09-07-2024;560.2;20-01-2026;50;🟢 A tiempo
MS_1145_LABRANZA ALTO;-72.76342244;-38.76223852;07-10-2024;474.0;24-01-2026;54;🟢 A tiempo
MS_0006_ESTADIO;-72.61104167;-38.73957222;10-12-2024;412.4;26-01-2026;56;🟢 A tiempo
MS_1182_LABRANZA UNO NORTE;-72.77172625;-38.76736429;20-04-2024;649.3;29-01-2026;59;🟢 A tiempo
MS_0193_ALEMANIA;-72.61444691;-38.72902607;13-03-2024;688.7;30-01-2026;60;🟢 A tiempo
MS_1246_LABRANZA UNO NORTE;-72.75858053;-38.76693472;11-10-2024;477.0;31-01-2026;61;🟢 A tiempo
MS_1205_LABRANZA UNO NORTE;-72.77547209;-38.7614767;04-04-2024;671.0;04-02-2026;65;🟢 A tiempo
MS_0597_PRIETO SUR;-72.59996924;-38.74697596;18-08-2022;1267.0;04-02-2026;65;🟢 A tiempo
MS_0012_ESTADIO;-72.61785448;-38.73909264;07-06-2022;1339.1;05-02-2026;66;🟢 A tiempo
MS_0620_INDUSTRIAL;-72.65204042;-38.7610026;09-07-2024;580.8;09-02-2026;70;🟢 A tiempo
MS_0537_LOS RIOS;-72.55766835;-38.73105373;03-07-2024;587.4;10-02-2026;71;🟢 A tiempo
MS_0288_LAS ENCINAS;-72.64155763;-38.73197875;10-01-2025;405.6;19-02-2026;80;🟢 A tiempo
MS_1209_LABRANZA UNO NORTE;-72.77665227;-38.7621878;11-04-2024;686.7;26-02-2026;87;🟢 A tiempo
MS_0926_CERRO MARIPOSA;-72.602655;-38.726158;21-03-2025;343.6;27-02-2026;88;🟢 A tiempo
MS_0287_LAS ENCINAS;-72.6313557;-38.73413464;08-01-2025;417.9;01-03-2026;90;🟢 A tiempo
MS_0779_VALPARAISO;-72.5702619;-38.73376742;13-01-2025;416.4;05-03-2026;94;🟢 A tiempo
MS_1232_LABRANZA UNO NORTE;-72.77048171;-38.76642738;27-06-2024;616.1;05-03-2026;94;🟢 A tiempo
MS_1211_LABRANZA UNO NORTE;-72.77459143;-38.76243443;11-04-2024;694.7;06-03-2026;95;🟢 A tiempo
MS_0557_CAUPOLICAN;-72.5889048;-38.73295275;22-05-2025;289.5;07-03-2026;96;🟢 A tiempo
MS_0372_VILLA ALEGRE;-72.607805;-38.727997;03-04-2024;703.8;07-03-2026;96;🟢 A tiempo
MS_1228_LABRANZA UNO NORTE;-72.77564223;-38.7665773;27-06-2024;619.3;08-03-2026;97;🟢 A tiempo
MS_1265_JAVIERA CARRERA PONIENTE;-72.627042;-38.723856;29-10-2024;497.1;10-03-2026;99;🟢 A tiempo
MS_0340_SAN ANTONIO;-72.58405833;-38.74580833;27-02-2025;377.3;11-03-2026;100;🟢 A tiempo
MS_0533_LOS RIOS;-72.56028771;-38.72818341;02-07-2024;617.4;11-03-2026;100;🟢 A tiempo
MS_0460_MUSEO FERROVIARIO;-72.56784842;-38.71935456;29-05-2024;651.4;11-03-2026;100;🟢 A tiempo
MS_0805_VALPARAISO;-72.56630556;-38.73177222;06-06-2024;645.0;12-03-2026;101;🟢 A tiempo
MS_0491_MUSEO FERROVIARIO;-72.56979217;-38.72623749;30-05-2024;656.3;17-03-2026;106;🟢 A tiempo
MS_0536_LOS RIOS;-72.55840086;-38.73081457;03-07-2024;624.3;19-03-2026;108;🟢 A tiempo
MS_0621_INDUSTRIAL;-72.64912754;-38.76042953;09-07-2024;619.8;20-03-2026;109;🟢 A tiempo
MS_0611_INDUSTRIAL;-72.65415603;-38.7588764;14-05-2025;310.7;20-03-2026;109;🟢 A tiempo
MS_0784_VALPARAISO;-72.56935556;-38.73248056;21-01-2025;426.9;23-03-2026;112;🟢 A tiempo
MS_0734_NAHUELBUTA;-72.55684489;-38.71612954;29-07-2024;606.6;27-03-2026;116;🟢 A tiempo
MS_0705_ESTACION;-72.58611933;-38.73231183;25-09-2023;915.3;28-03-2026;117;🟢 A tiempo
MS_0945_CERRO MARIPOSA;-72.61041426;-38.71735436;18-03-2025;376.5;29-03-2026;118;🟢 A tiempo
MS_0311_SAN ANTONIO;-72.58479559;-38.74349579;31-01-2025;423.5;30-03-2026;119;🟢 A tiempo
MS_0535_LOS RIOS;-72.55874411;-38.7317184;03-07-2024;636.5;31-03-2026;120;🟢 A tiempo
MS_0764_NAHUELBUTA;-72.55821763;-38.72001707;25-04-2025;341.5;01-04-2026;121;🟢 A tiempo
MS_0625_INDUSTRIAL;-72.65210318;-38.75987914;20-05-2025;319.3;04-04-2026;124;🟢 A tiempo
MS_0783_VALPARAISO;-72.56973889;-38.73148889;22-01-2025;438.4;05-04-2026;125;🟢 A tiempo
MS_1206_LABRANZA UNO NORTE;-72.77747689;-38.76162902;04-04-2024;737.0;11-04-2026;131;🟢 A tiempo
MS_1203_LABRANZA UNO NORTE;-72.77699344;-38.76017454;04-04-2024;737.3;11-04-2026;131;🟢 A tiempo
MS_1069_ALTO DEL BOSQUE;-72.74575858;-38.76169365;11-10-2024;549.5;13-04-2026;133;🟢 A tiempo
MS_0816_VALPARAISO;-72.57179612;-38.73211158;15-04-2024;735.0;19-04-2026;139;🟢 A tiempo
MS_0610_INDUSTRIAL;-72.65113812;-38.76169697;09-07-2024;654.1;24-04-2026;144;🟢 A tiempo
MS_1167_LABRANZA ALTO;-72.75764465;-38.76280685;08-10-2024;565.5;26-04-2026;146;🟢 A tiempo
MS_1179_LABRANZA UNO NORTE;-72.77584758;-38.76565546;27-06-2024;672.8;30-04-2026;150;🟢 A tiempo
MS_1204_LABRANZA UNO NORTE;-72.77709805;-38.7610651;04-04-2024;756.8;30-04-2026;150;🟢 A tiempo
MS_0891_COSTANERA;-72.550925;-38.71043056;14-06-2024;686.7;01-05-2026;151;🟢 A tiempo
MS_0156_ALEMANIA;-72.61880107;-38.73710533;03-01-2025;484.4;02-05-2026;152;🟢 A tiempo
MS_0854_BORDE RIO;-72.63298595;-38.7605224;09-09-2023;967.5;03-05-2026;153;🟢 A tiempo
MS_0520_LOS RIOS;-72.56050345;-38.72492788;16-04-2024;748.4;04-05-2026;154;🟢 A tiempo
MS_0818_VALPARAISO;-72.57079859;-38.73014088;16-10-2023;933.6;06-05-2026;156;🟢 A tiempo
MS_1242_LABRANZA UNO NORTE;-72.75988956;-38.76734866;11-10-2024;572.3;06-05-2026;156;🟢 A tiempo
MS_0615_INDUSTRIAL;-72.65020471;-38.76165932;09-07-2024;671.7;11-05-2026;161;🟢 A tiempo
MS_0753_NAHUELBUTA;-72.55789441;-38.71955319;24-07-2025;295.1;15-05-2026;165;🟢 A tiempo
MS_0076_ESTADIO;-72.61115078;-38.74643012;26-02-2025;445.4;17-05-2026;167;🟢 A tiempo
MS_0722_NAHUELBUTA;-72.55836087;-38.71498404;27-11-2024;540.9;21-05-2026;171;🟢 A tiempo
MS_1251_LABRANZA UNO NORTE;-72.75748508;-38.76464906;08-10-2024;590.4;21-05-2026;171;🟢 A tiempo
MS_1164_LABRANZA ALTO;-72.7587459;-38.7641586;08-10-2024;593.9;24-05-2026;174;🟢 A tiempo
MS_1165_LABRANZA ALTO;-72.75986974;-38.76423538;08-10-2024;593.4;24-05-2026;174;🟢 A tiempo
MS_0577_PRIETO SUR;-72.59089444;-38.74254444;02-12-2024;542.5;28-05-2026;178;🟢 A tiempo
MS_0825_VALPARAISO;-72.56497382;-38.72672527;16-05-2025;385.5;05-06-2026;186;🟢 A tiempo
MS_0821_VALPARAISO;-72.56631614;-38.7282258;18-10-2023;962.9;06-06-2026;187;🟢 A tiempo
MS_0774_NAHUELBUTA;-72.5684862;-38.71745924;22-07-2025;320.3;07-06-2026;188;🟢 A tiempo
MS_0627_INDUSTRIAL;-72.65070608;-38.75970411;20-05-2025;384.0;08-06-2026;189;🟢 A tiempo
MS_1163_LABRANZA ALTO;-72.76513611;-38.76350196;07-10-2024;613.6;12-06-2026;193;🟢 A tiempo
MS_1166_LABRANZA ALTO;-72.75766261;-38.76410509;08-10-2024;614.5;14-06-2026;195;🟢 A tiempo
MS_1116_LABRANZA ALTO;-72.76615646;-38.76367477;07-10-2024;618.3;17-06-2026;198;🟢 A tiempo
MS_1168_LABRANZA ALTO;-72.76004383;-38.76334694;08-10-2024;620.2;20-06-2026;201;🟢 A tiempo
MS_0029_ESTADIO;-72.60268758;-38.74083613;06-12-2024;562.3;21-06-2026;202;🟢 A tiempo
MS_0134_ACCESO NORTE;-72.51903951;-38.68890271;17-06-2024;735.6;22-06-2026;203;🟢 A tiempo
MS_0135_ACCESO NORTE;-72.51838076;-38.69016012;18-06-2024;735.6;23-06-2026;204;🟢 A tiempo
MS_0312_SAN ANTONIO;-72.58604325;-38.74321592;31-01-2025;508.7;23-06-2026;204;🟢 A tiempo
MS_0612_INDUSTRIAL;-72.64341873;-38.75919166;02-06-2025;388.7;25-06-2026;206;🟢 A tiempo
MS_0855_BORDE RIO;-72.6320949;-38.76046413;08-08-2023;1054.4;27-06-2026;208;🟢 A tiempo
MS_0530_LOS RIOS;-72.55531111;-38.72388784;20-08-2025;312.3;28-06-2026;209;🟢 A tiempo
MS_0197_ALEMANIA;-72.60381249;-38.73413407;25-06-2025;368.0;28-06-2026;209;🟢 A tiempo
MS_0626_INDUSTRIAL;-72.64564693;-38.75943051;29-05-2025;396.3;29-06-2026;210;🟢 A tiempo
MS_0875_BORDE RIO;-72.64275669;-38.75941321;11-06-2025;384.0;30-06-2026;211;🟢 A tiempo
MS_1117_LABRANZA ALTO;-72.76432925;-38.76347064;07-10-2024;631.1;30-06-2026;211;🟢 A tiempo
MS_0792_VALPARAISO;-72.56563324;-38.72771677;19-10-2023;986.3;01-07-2026;212;🟢 A tiempo
MS_0033_ESTADIO;-72.60238611;-38.74191111;19-10-2024;620.4;01-07-2026;212;🟢 A tiempo
MS_1118_LABRANZA ALTO;-72.76264572;-38.7633835;07-10-2024;634.0;03-07-2026;214;🟢 A tiempo
MS_0729_NAHUELBUTA;-72.55807954;-38.71798934;04-10-2024;640.0;06-07-2026;217;🟢 A tiempo
MS_0801_VALPARAISO;-72.56603032;-38.73274743;07-06-2024;761.1;08-07-2026;219;🟢 A tiempo
MS_0700_ESTACION;-72.57766788;-38.73478435;21-04-2025;446.6;11-07-2026;222;🟢 A tiempo
MS_0667_RALUNCOYAN;-72.65424056;-38.69766281;26-05-2025;413.2;13-07-2026;224;🟢 A tiempo
MS_0292_LAS ENCINAS;-72.6317473;-38.73798243;22-04-2025;452.2;18-07-2026;229;🟢 A tiempo
MS_0946_CERRO MARIPOSA;-72.60000075;-38.72770039;24-03-2025;482.6;19-07-2026;230;🟢 A tiempo
MS_0637_RALUNCOYAN;-72.62195982;-38.7132782;08-07-2025;377.7;20-07-2026;231;🟢 A tiempo
MS_1110_CREADORES;-72.65140429;-38.71793873;10-06-2024;772.2;22-07-2026;233;🟢 A tiempo
MS_0947_CERRO MARIPOSA;-72.59904422;-38.72746725;24-03-2025;489.5;26-07-2026;237;🟢 A tiempo
MS_0750_NAHUELBUTA;-72.55672573;-38.71759147;04-10-2024;661.0;27-07-2026;238;🟢 A tiempo
MS_0819_VALPARAISO;-72.56343695;-38.72611966;20-10-2023;1012.2;28-07-2026;239;🟢 A tiempo
MS_1013_BOTROLHUE;-72.70206301;-38.74298116;28-05-2025;426.7;28-07-2026;239;🟢 A tiempo
MS_0727_NAHUELBUTA;-72.56149337;-38.72027242;03-10-2024;665.6;30-07-2026;241;🟢 A tiempo
MS_0356_SAN ANTONIO;-72.57526491;-38.73951219;16-06-2025;410.5;31-07-2026;242;🟢 A tiempo
MS_0038_ESTADIO;-72.62537265;-38.74175032;04-09-2024;698.3;03-08-2026;245;🟢 A tiempo
MS_0102_ACCESO NORTE;-72.52020735;-38.68928794;17-06-2024;778.7;04-08-2026;246;🟢 A tiempo
MS_0168_ALEMANIA;-72.61569166;-38.73013156;25-08-2025;348.4;08-08-2026;250;🟢 A tiempo
MS_0458_MUSEO FERROVIARIO;-72.57041382;-38.72091859;23-05-2025;445.8;11-08-2026;253;🟢 A tiempo
MS_0211_LAS ENCINAS;-72.63682889;-38.73313611;10-01-2025;579.3;12-08-2026;254;🟢 A tiempo
MS_0289_LAS ENCINAS;-72.63438831;-38.73289719;03-02-2025;555.7;12-08-2026;254;🟢 A tiempo
MS_1011_BOTROLHUE;-72.67014372;-38.74350508;28-05-2025;441.6;12-08-2026;254;🟢 A tiempo
MS_0066_ESTADIO;-72.61559561;-38.74116136;11-10-2024;671.3;13-08-2026;255;🟢 A tiempo
MS_1253_LABRANZA UNO NORTE;-72.75709681;-38.76675732;11-10-2024;674.2;16-08-2026;258;🟢 A tiempo
MS_0531_LOS RIOS;-72.55463965;-38.72411649;21-08-2025;361.0;17-08-2026;259;🟢 A tiempo
MS_1070_ALTO DEL BOSQUE;-72.74876842;-38.76180196;11-10-2024;675.5;17-08-2026;259;🟢 A tiempo
MS_0104_ACCESO NORTE;-72.52179587;-38.6899377;17-06-2024;792.5;18-08-2026;260;🟢 A tiempo
MS_0728_NAHUELBUTA;-72.56210278;-38.72040833;02-10-2024;688.4;21-08-2026;263;🟢 A tiempo
MS_0809_VALPARAISO;-72.5626337;-38.72597441;19-10-2023;1039.6;23-08-2026;265;🟢 A tiempo
MS_0763_NAHUELBUTA;-72.55742268;-38.71885187;18-08-2025;371.0;23-08-2026;265;🟢 A tiempo
MS_1012_BOTROLHUE;-72.66312035;-38.74033967;28-05-2025;452.0;23-08-2026;265;🟢 A tiempo
MS_0936_CERRO MARIPOSA;-72.61369106;-38.71550201;18-03-2025;526.0;26-08-2026;268;🟢 A tiempo
MS_0761_NAHUELBUTA;-72.56435754;-38.71634571;22-11-2024;645.7;29-08-2026;271;🟢 A tiempo
MS_0459_MUSEO FERROVIARIO;-72.56518857;-38.72672357;16-05-2025;472.0;30-08-2026;272;🟢 A tiempo
MS_1249_LABRANZA UNO NORTE;-72.75491176;-38.7643308;08-10-2024;691.2;30-08-2026;272;🟢 A tiempo
MS_1250_LABRANZA UNO NORTE;-72.75653809;-38.764492;08-10-2024;691.3;30-08-2026;272;🟢 A tiempo
MS_1254_LABRANZA UNO NORTE;-72.75733898;-38.76571392;11-10-2024;692.0;03-09-2026;276;🟢 A tiempo
MS_1252_LABRANZA UNO NORTE;-72.75545519;-38.76666426;11-10-2024;693.6;04-09-2026;277;🟢 A tiempo
MS_0725_NAHUELBUTA;-72.56182778;-38.71555833;30-08-2024;735.6;04-09-2026;277;🟢 A tiempo
MS_0668_RALUNCOYAN;-72.63845174;-38.70796709;27-05-2025;467.7;06-09-2026;279;🟢 A tiempo
MS_1068_ALTO DEL BOSQUE;-72.74493353;-38.7622743;11-10-2024;698.8;09-09-2026;282;🟢 A tiempo
MS_1257_LABRANZA UNO NORTE;-72.75442747;-38.76541527;11-10-2024;702.9;13-09-2026;286;🟢 A tiempo
MS_1187_LABRANZA UNO NORTE;-72.77105972;-38.76755199;21-06-2024;816.9;15-09-2026;288;🟢 A tiempo
MS_0844_BORDE RIO;-72.63679167;-38.75808611;09-07-2024;800.3;17-09-2026;290;🟢 A tiempo
MS_1259_LABRANZA UNO NORTE;-72.75338803;-38.76492439;11-10-2024;706.8;17-09-2026;290;🟢 A tiempo
MS_0195_ALEMANIA;-72.62001829;-38.7368419;03-01-2025;622.3;17-09-2026;290;🟢 A tiempo
MS_0573_PRIETO SUR;-72.59173333;-38.74353333;02-09-2024;745.4;17-09-2026;290;🟢 A tiempo
MS_1256_LABRANZA UNO NORTE;-72.75403533;-38.7662988;11-10-2024;707.4;18-09-2026;291;🟢 A tiempo
MS_0820_VALPARAISO;-72.56425208;-38.72657331;19-10-2023;1074.4;27-09-2026;300;🟢 A tiempo
MS_0015_ESTADIO;-72.60967167;-38.73970248;10-12-2024;658.8;29-09-2026;302;🟢 A tiempo
MS_0541_LOS RIOS;-72.55780674;-38.7197091;18-06-2025;469.4;30-09-2026;303;🟢 A tiempo
MS_0848_BORDE RIO;-72.64042685;-38.75950537;11-06-2025;482.3;06-10-2026;309;🟢 A tiempo
MS_1255_LABRANZA UNO NORTE;-72.75265617;-38.76681652;11-10-2024;744.9;25-10-2026;328;🟢 A tiempo
MS_0091_ESTADIO;-72.62022923;-38.74170248;12-06-2025;502.6;27-10-2026;330;🟢 A tiempo
MS_0598_PRIETO SUR;-72.60025532;-38.74654124;06-09-2023;1147.4;27-10-2026;330;🟢 A tiempo
MS_0205_LAS ENCINAS;-72.64014981;-38.73237758;10-01-2025;655.6;27-10-2026;330;🟢 A tiempo
MS_0634_RALUNCOYAN;-72.62183333;-38.70954722;09-04-2024;932.2;28-10-2026;331;🟢 A tiempo
MS_0861_BORDE RIO;-72.63511457;-38.75864856;12-05-2025;536.3;30-10-2026;333;🟢 A tiempo
MS_1093_CREADORES;-72.66109213;-38.7087278;26-10-2023;1100.7;30-10-2026;333;🟢 A tiempo
MS_0565_PRIETO SUR;-72.59405566;-38.74207178;04-12-2024;696.6;31-10-2026;334;🟢 A tiempo
MS_0576_PRIETO SUR;-72.59013333;-38.74261667;02-12-2024;699.2;01-11-2026;335;🟢 A tiempo
MS_0196_ALEMANIA;-72.62283751;-38.73614381;06-01-2025;664.2;01-11-2026;335;🟢 A tiempo
MS_0944_CERRO MARIPOSA;-72.61792061;-38.71466155;18-03-2025;594.3;02-11-2026;336;🟢 A tiempo
MS_0212_LAS ENCINAS;-72.64077199;-38.73869378;26-06-2025;496.4;04-11-2026;338;🟢 A tiempo
MS_0290_LAS ENCINAS;-72.63226717;-38.73191214;04-02-2025;639.3;05-11-2026;339;🟢 A tiempo
MS_0948_CERRO MARIPOSA;-72.60666036;-38.72523746;07-05-2025;551.6;09-11-2026;343;🟢 A tiempo
MS_1258_LABRANZA UNO NORTE;-72.75286764;-38.76624496;11-10-2024;762.7;12-11-2026;346;🟢 A tiempo
MS_0712_ESTACION;-72.58111653;-38.73421839;21-04-2025;571.3;13-11-2026;347;🟢 A tiempo
MS_0194_ALEMANIA;-72.61771802;-38.732485;19-04-2024;939.6;14-11-2026;348;🟢 A tiempo
MS_0766_NAHUELBUTA;-72.55791128;-38.71428818;22-11-2024;722.3;14-11-2026;348;🟢 A tiempo
MS_0767_NAHUELBUTA;-72.55846381;-38.71433004;22-11-2024;722.6;14-11-2026;348;🟢 A tiempo
MS_0445_MUSEO FERROVIARIO;-72.56942674;-38.7195702;01-07-2025;506.4;19-11-2026;353;🟢 A tiempo
MS_0599_PRIETO SUR;-72.60023976;-38.74570279;06-09-2023;1172.6;21-11-2026;355;🟢 A tiempo
MS_0585_PRIETO SUR;-72.60376944;-38.74548611;05-06-2024;899.1;21-11-2026;355;🟢 A tiempo
MS_0180_ALEMANIA;-72.6135265;-38.7390378;11-12-2024;710.0;21-11-2026;355;🟢 A tiempo
MS_0604_PRIETO SUR;-72.59272171;-38.74227616;03-12-2024;721.2;24-11-2026;358;🟢 A tiempo
MS_0364_VILLA ALEGRE;-72.60874167;-38.72651111;27-09-2024;794.8;30-11-2026;364;🟢 A tiempo
MS_0009_ESTADIO;-72.61602486;-38.74326072;15-03-2023;1358.7;02-12-2026;366;🟢 A tiempo
MS_1277_SIN REVISIÓN;-72.60674132;-38.72530298;07-05-2025;577.8;05-12-2026;369;🟢 A tiempo
MS_0811_VALPARAISO;-72.56736037;-38.73733946;15-01-2025;697.8;13-12-2026;377;🟢 A tiempo
MS_1024_ALTO DEL BOSQUE;-72.7412628;-38.76220886;11-10-2024;796.3;16-12-2026;380;🟢 A tiempo
MS_0161_ALEMANIA;-72.60732778;-38.74000278;09-12-2024;737.9;16-12-2026;380;🟢 A tiempo
MS_1192_LABRANZA UNO NORTE;-72.75168451;-38.7658317;11-10-2024;796.5;16-12-2026;380;🟢 A tiempo
MS_0756_NAHUELBUTA;-72.56012343;-38.7144008;27-11-2024;752.4;19-12-2026;383;🟢 A tiempo
MS_0581_PRIETO SUR;-72.60068056;-38.74108611;06-12-2024;751.4;27-12-2026;391;🟢 A tiempo
MS_0736_NAHUELBUTA;-72.55708675;-38.714224;22-11-2024;765.4;27-12-2026;391;🟢 A tiempo
MS_0103_ACCESO NORTE;-72.5228036;-38.69122143;04-06-2025;576.8;01-01-2027;396;🟢 A tiempo
MS_0721_NAHUELBUTA;-72.56470113;-38.71679337;21-04-2025;633.7;14-01-2027;409;🟢 A tiempo
MS_0579_PRIETO SUR;-72.59804167;-38.74149722;05-12-2024;777.3;21-01-2027;416;🟢 A tiempo
MS_0355_SAN ANTONIO;-72.57448036;-38.73906553;17-06-2025;586.2;24-01-2027;419;🟢 A tiempo
MS_0498_LOS RIOS;-72.56063687;-38.72877533;19-04-2024;1013.1;27-01-2027;422;🟢 A tiempo
MS_0562_PRIETO SUR;-72.5864928;-38.73350259;19-06-2025;589.7;29-01-2027;424;🟢 A tiempo
MS_0582_PRIETO SUR;-72.58874167;-38.74284722;02-12-2024;790.2;31-01-2027;426;🟢 A tiempo
MS_1191_LABRANZA UNO NORTE;-72.75040599;-38.76554936;11-10-2024;849.2;07-02-2027;433;🟢 A tiempo
MS_0330_SAN ANTONIO;-72.58188848;-38.74285342;07-05-2025;641.8;07-02-2027;433;🟢 A tiempo
MS_0578_PRIETO SUR;-72.59674167;-38.74167222;04-12-2024;802.0;13-02-2027;439;🟢 A tiempo
MS_0772_NAHUELBUTA;-72.56114832;-38.71368342;26-11-2024;809.9;13-02-2027;439;🟢 A tiempo
MS_0030_ESTADIO;-72.60470223;-38.74046395;09-12-2024;804.6;21-02-2027;447;🟢 A tiempo
MS_1261_LABRANZA UNO NORTE;-72.749504;-38.76435832;11-10-2024;866.8;24-02-2027;450;🟢 A tiempo
MS_1082_CREADORES;-72.65231944;-38.7091;25-10-2023;1226.4;04-03-2027;458;🟢 A tiempo
MS_0600_PRIETO SUR;-72.59870097;-38.74453929;07-09-2023;1278.1;08-03-2027;462;🟢 A tiempo
MS_0050_ESTADIO;-72.61297863;-38.750426;20-05-2025;660.8;11-03-2027;465;🟢 A tiempo
MS_0773_NAHUELBUTA;-72.55775136;-38.71494852;29-11-2024;833.4;12-03-2027;466;🟢 A tiempo
MS_0181_ALEMANIA;-72.62121531;-38.73659426;03-01-2025;799.4;13-03-2027;467;🟢 A tiempo
MS_0198_ALEMANIA;-72.61360389;-38.73005074;10-09-2025;555.2;19-03-2027;473;🟢 A tiempo
MS_0691_AQUELARRE;-72.63258136;-38.75095452;01-09-2025;566.1;21-03-2027;475;🟢 A tiempo
MS_0603_PRIETO SUR;-72.58756449;-38.74305335;02-12-2024;839.8;21-03-2027;475;🟢 A tiempo
MS_0735_NAHUELBUTA;-72.55698436;-38.71499056;29-11-2024;851.8;30-03-2027;484;🟢 A tiempo
MS_1260_LABRANZA UNO NORTE;-72.74856025;-38.76558224;11-10-2024;901.4;31-03-2027;485;🟢 A tiempo
MS_0580_PRIETO SUR;-72.59933333;-38.74128611;05-12-2024;855.1;09-04-2027;494;🟢 A tiempo
MS_0901_COSTANERA;-72.54809773;-38.70935527;22-12-2022;1576.0;15-04-2027;500;🟢 A tiempo
MS_0171_ALEMANIA;-72.61578303;-38.73074358;23-06-2025;662.9;16-04-2027;501;🟢 A tiempo
MS_0527_LOS RIOS;-72.55316377;-38.72240801;27-03-2025;753.8;19-04-2027;504;🟢 A tiempo
MS_0670_AQUELARRE;-72.63087267;-38.74982141;02-09-2025;612.1;07-05-2027;522;🟢 A tiempo
MS_0357_SAN ANTONIO;-72.58152643;-38.74347844;22-07-2025;656.4;09-05-2027;524;🟢 A tiempo
MS_0192_ALEMANIA;-72.61680839;-38.73005992;13-03-2024;1156.4;13-05-2027;528;🟢 A tiempo
MS_0016_ESTADIO;-72.60844167;-38.73988611;09-12-2024;890.4;18-05-2027;533;🟢 A tiempo
MS_1189_LABRANZA UNO NORTE;-72.74807017;-38.76410816;11-10-2024;951.2;20-05-2027;535;🟢 A tiempo
MS_0365_VILLA ALEGRE;-72.60971944;-38.72692778;27-09-2024;966.2;21-05-2027;536;🟢 A tiempo
MS_1067_ALTO DEL BOSQUE;-72.74568832;-38.76247364;11-10-2024;953.4;22-05-2027;537;🟢 A tiempo
MS_0824_VALPARAISO;-72.56939514;-38.73579022;24-01-2025;857.1;31-05-2027;546;🟢 A tiempo
MS_0359_VILLA ALEGRE;-72.60926111;-38.72738889;24-09-2024;984.6;05-06-2027;551;🟢 A tiempo
MS_0162_ALEMANIA;-72.62798963;-38.73492934;07-01-2025;887.6;13-06-2027;559;🟢 A tiempo
MS_0628_INDUSTRIAL;-72.64888218;-38.75950855;02-06-2026;377.6;14-06-2027;560;🟢 A tiempo
MS_0214_LAS ENCINAS;-72.63049218;-38.73433878;08-01-2025;888.4;15-06-2027;561;🟢 A tiempo
MS_1279_ÑIELOL;-72.56860002;-38.7174854;22-07-2025;695.4;17-06-2027;563;🟢 A tiempo
MS_0202_LAS ENCINAS;-72.6412568;-38.73999979;26-06-2025;722.4;18-06-2027;564;🟢 A tiempo
MS_0544_CAUPOLICAN;-72.59951826;-38.73130061;21-04-2025;788.0;18-06-2027;564;🟢 A tiempo
MS_0503_LOS RIOS;-72.55696389;-38.72508889;27-03-2025;816.0;20-06-2027;566;🟢 A tiempo
MS_1177_COIHUECO;-72.64511921;-38.70942998;05-06-2025;750.7;25-06-2027;571;🟢 A tiempo
MS_0151_ALEMANIA;-72.61355556;-38.73394167;24-02-2024;1232.1;10-07-2027;586;🟢 A tiempo
MS_0970_JAVIERA CARRERA ORIENTE;-72.62369368;-38.72391493;27-08-2025;688.7;16-07-2027;592;🟢 A tiempo
MS_0191_ALEMANIA;-72.6205619;-38.72920571;11-03-2024;1234.7;28-07-2027;604;🟢 A tiempo
MS_0200_LAS ENCINAS;-72.63260288;-38.73385979;06-02-2025;906.2;01-08-2027;608;🟢 A tiempo
MS_0823_VALPARAISO;-72.57107209;-38.73507199;14-01-2025;930.2;02-08-2027;609;🟢 A tiempo
MS_0900_COSTANERA;-72.54840999;-38.70692684;15-05-2025;819.5;12-08-2027;619;🟢 A tiempo
MS_0513_LOS RIOS;-72.55644535;-38.73119245;16-05-2025;824.2;18-08-2027;625;🟢 A tiempo
MS_0909_COSTANERA;-72.54837042;-38.70755673;15-05-2025;827.4;20-08-2027;627;🟢 A tiempo
MS_0484_MUSEO FERROVIARIO;-72.57483048;-38.7242473;05-05-2025;837.0;20-08-2027;627;🟢 A tiempo
MS_1025_ALTO DEL BOSQUE;-72.74259167;-38.76245278;11-10-2024;1044.2;21-08-2027;628;🟢 A tiempo
MS_1027_ALTO DEL BOSQUE;-72.74450167;-38.76270913;11-10-2024;1047.8;24-08-2027;631;🟢 A tiempo
MS_0849_BORDE RIO;-72.6390321;-38.75978158;11-06-2025;831.9;20-09-2027;658;🟢 A tiempo
MS_0089_ESTADIO;-72.62741881;-38.73508273;07-01-2025;991.0;25-09-2027;663;🟢 A tiempo
MS_0087_ESTADIO;-72.62614763;-38.7353828;06-01-2025;994.0;26-09-2027;664;🟢 A tiempo
MS_0088_ESTADIO;-72.6266478;-38.73529586;06-01-2025;996.9;29-09-2027;667;🟢 A tiempo
MS_0093_ESTADIO;-72.62748;-38.74295807;29-09-2025;755.3;24-10-2027;692;🟢 A tiempo
MS_0676_AQUELARRE;-72.62725771;-38.74815859;29-05-2025;879.4;25-10-2027;693;🟢 A tiempo
MS_0586_PRIETO SUR;-72.58992575;-38.74716556;09-07-2025;852.3;08-11-2027;707;🟢 A tiempo
MS_0001_ESTADIO;-72.61286598;-38.74817532;27-05-2025;896.8;09-11-2027;708;🟢 A tiempo
MS_0714_ESTACION;-72.58630756;-38.73330905;19-06-2025;875.5;11-11-2027;710;🟢 A tiempo
MS_0949_CERRO MARIPOSA;-72.61823909;-38.72172696;09-09-2025;801.6;19-11-2027;718;🟢 A tiempo
MS_0873_BORDE RIO;-72.63079266;-38.75796009;22-08-2025;835.8;05-12-2027;734;🟢 A tiempo
MS_1066_ALTO DEL BOSQUE;-72.74989431;-38.76352432;11-10-2024;1159.9;14-12-2027;743;🟢 A tiempo
MS_0733_NAHUELBUTA;-72.56316494;-38.71625742;22-11-2024;1120.4;17-12-2027;746;🟢 A tiempo
MS_1028_ALTO DEL BOSQUE;-72.74683595;-38.76361323;11-10-2024;1162.3;17-12-2027;746;🟢 A tiempo
MS_0607_PRIETO SUR;-72.58980505;-38.74665408;09-07-2025;895.4;21-12-2027;750;🟢 A tiempo
MS_0606_PRIETO SUR;-72.58967027;-38.7461379;09-07-2025;899.1;25-12-2027;754;🟢 A tiempo
MS_0715_ESTACION;-72.58381763;-38.73929213;06-09-2025;842.9;27-12-2027;756;🟢 A tiempo
MS_0605_PRIETO SUR;-72.58953415;-38.74560028;09-07-2025;908.3;03-01-2028;763;🟢 A tiempo
MS_0376_RECABARREN;-72.6408632;-38.7561476;08-09-2025;847.1;03-01-2028;763;🟢 A tiempo
MS_0086_ESTADIO;-72.62778258;-38.74481945;16-09-2025;851.7;15-01-2028;775;🟢 A tiempo
MS_1026_ALTO DEL BOSQUE;-72.7439731;-38.76268322;11-10-2024;1201.4;25-01-2028;785;🟢 A tiempo
MS_0851_BORDE RIO;-72.6375454;-38.76003517;11-06-2025;963.7;30-01-2028;790;🟢 A tiempo
MS_0293_LAS ENCINAS;-72.64794053;-38.73716179;26-08-2025;895.0;07-02-2028;798;🟢 A tiempo
MS_1023_ALTO DEL BOSQUE;-72.74528721;-38.76314895;11-10-2024;1226.4;19-02-2028;810;🟢 A tiempo
MS_0812_VALPARAISO;-72.57140179;-38.73406636;13-01-2025;1141.0;27-02-2028;818;🟢 A tiempo
MS_0593_PRIETO SUR;-72.58930616;-38.74509507;09-07-2025;970.2;05-03-2028;825;🟢 A tiempo
MS_0732_NAHUELBUTA;-72.56236397;-38.71614187;22-11-2024;1200.4;06-03-2028;826;🟢 A tiempo
MS_1022_ALTO DEL BOSQUE;-72.74420592;-38.76358273;11-10-2024;1246.0;10-03-2028;830;🟢 A tiempo
MS_0584_PRIETO SUR;-72.58891111;-38.74786667;08-09-2023;1648.7;13-03-2028;833;🟢 A tiempo
MS_0911_CERRO MARIPOSA;-72.61670556;-38.71454722;18-03-2025;1098.2;20-03-2028;840;🟢 A tiempo
MS_1030_ALTO DEL BOSQUE;-72.74192838;-38.76332038;11-10-2024;1263.0;26-03-2028;846;🟢 A tiempo
MS_0589_PRIETO SUR;-72.59230447;-38.74011381;06-09-2025;941.3;04-04-2028;855;🟢 A tiempo
MS_0850_BORDE RIO;-72.63824856;-38.75996956;11-06-2025;1032.4;08-04-2028;859;🟢 A tiempo
MS_0417_RECABARREN;-72.64099025;-38.75393081;04-09-2025;957.4;18-04-2028;869;🟢 A tiempo
MS_0100_ACCESO NORTE;-72.55531549;-38.70766061;09-06-2026;686.4;25-04-2028;876;🟢 A tiempo
MS_0859_BORDE RIO;-72.6422303;-38.75967518;11-06-2025;1052.0;27-04-2028;878;🟢 A tiempo
MS_0013_ESTADIO;-72.61727767;-38.73802781;02-01-2025;1234.9;20-05-2028;901;🟢 A tiempo
MS_0167_ALEMANIA;-72.6168;-38.72889722;12-03-2024;1546.2;05-06-2028;917;🟢 A tiempo
MS_0463_MUSEO FERROVIARIO;-72.57716115;-38.72480706;06-05-2025;1127.6;06-06-2028;918;🟢 A tiempo
MS_0023_ESTADIO;-72.61263611;-38.74042222;09-11-2024;1325.5;26-06-2028;938;🟢 A tiempo
MS_0266_LAS ENCINAS;-72.64946754;-38.73806378;25-08-2025;1040.2;30-06-2028;942;🟢 A tiempo
MS_0166_ALEMANIA;-72.618075;-38.72901667;12-03-2024;1575.3;04-07-2028;946;🟢 A tiempo
MS_0165_ALEMANIA;-72.61936667;-38.72913611;02-03-2024;1593.5;12-07-2028;954;🟢 A tiempo
MS_1078_CREADORES;-72.64664392;-38.71553426;15-07-2025;1123.1;11-08-2028;984;🟢 A tiempo
MS_0380_RECABARREN;-72.64007696;-38.75417253;05-09-2025;1085.6;25-08-2028;998;🟢 A tiempo
MS_0031_ESTADIO;-72.61927382;-38.7371217;03-01-2025;1333.9;28-08-2028;1001;🟢 A tiempo
MS_1075_SECTOR RIBEREÑO;-72.75797604;-38.76966587;03-06-2025;1214.0;29-09-2028;1033;🟢 A tiempo
MS_0092_ESTADIO;-72.62854034;-38.73179425;22-09-2025;1146.5;11-11-2028;1076;🟢 A tiempo
MS_0381_RECABARREN;-72.64044308;-38.75514333;08-09-2025;1176.8;27-11-2028;1092;🟢 A tiempo
MS_0060_ESTADIO;-72.62489747;-38.7356732;06-01-2025;1493.1;07-02-2029;1164;🟢 A tiempo
MS_0004_ESTADIO;-72.61239162;-38.73938836;02-05-2025;1449.5;20-04-2029;1236;🟢 A tiempo
MS_0003_ESTADIO;-72.6135267;-38.7390378;02-05-2025;1877.7;22-06-2030;1664;🟢 A tiempo
MS_1074_SECTOR RIBEREÑO;-72.75678615;-38.76956784;03-06-2025;1853.0;30-06-2030;1672;🟢 A tiempo
